900|{"event":"productDetails","ecommerce":{"currencyCode":"USD","detail":{"products":[{"name":"DAddario EXL170-5 5-String Nickel Wound Bass Guitar Strings Light 45-130 Long Scale","id":"EXL170-5","price":"24.99","quantity":0.0,"brand":"D'Addario","category":"Guitar +","variant":"Pack Size-1"}]}}}|Light 5-String / Long Scale Set|EXL170-5|
901|{"event":"productDetails","ecommerce":{"currencyCode":"USD","detail":{"products":[{"name":"DAddario EXL170-5TP Nickel Wound Bass Guitar Strings Light 45-130 2 Sets Long Scale","id":"EXL170-5TP","price":"46.99","quantity":0.0,"brand":"D'Addario","category":"Guitar +","variant":"Pack Size-2"}]}}}|Light 5-String / Long Scale Twin Pack|EXL170-5TP|
902|{"event":"productDetails","ecommerce":{"currencyCode":"USD","detail":{"products":[{"name":"DAddario XLB130 Nickel Wound Bass Guitar Single String Long Scale .130","id":"XLB130","price":"11.00","quantity":0.0,"brand":"D'Addario","category":"Guitar +","variant":""}]}}}|Single XL Nickel Wound 130 Long Scale|XLB130|
903|{"event":"productDetails","ecommerce":{"currencyCode":"USD","detail":{"products":[{"name":"DAddario EXL170-5SL 5-String Nickel Wound Bass Guitar Strings Light Super Long Scale","id":"EXL170-5SL","price":"27.99","quantity":0.0,"brand":"D'Addario","category":"Guitar +","variant":"Pack Size-1"}]}}}|Light 5-String / Super Long Scale Set|EXL170-5SL|
904|{"event":"productDetails","ecommerce":{"currencyCode":"USD","detail":{"products":[{"name":"DAddario EXL170-12 Nickel Wound Bass Guitar Strings Light 18-45","id":"EXL170-12","price":"39.99","quantity":0.0,"brand":"D'Addario","category":"Guitar +","variant":"Pack Size-1"}]}}}|Light 12-String / Long Scale Set|EXL170-12|
905|{"event":"productDetails","ecommerce":{"currencyCode":"USD","detail":{"products":[{"name":"DAddario EXL170-6 6-String Nickel Wound Bass Guitar Strings Light 32-130 Long Scale","id":"EXL170-6","price":"27.99","quantity":0.0,"brand":"D'Addario","category":"Guitar +","variant":"Pack Size-1"}]}}}|Regular Light, 6-String, Long Scale Set|EXL170-6|
906|{"event":"productDetails","ecommerce":{"currencyCode":"USD","detail":{"products":[{"name":"DAddario EXL170-8 8-String Nickel Wound Bass Guitar Strings Light 32-130 Long Scale","id":"EXL170-8","price":"32.99","quantity":0.0,"brand":"D'Addario","category":"Guitar +","variant":"Pack Size-1"}]}}}|Light 8 String / Long Scale Set |EXL170-8|
907|{"event":"productDetails","ecommerce":{"currencyCode":"USD","detail":{"products":[{"name":"DAddario XLB018P Plain Steel Bass Guitar Single String Long Scale .018","id":"XLB018P","price":"3.90","quantity":0.0,"brand":"D'Addario","category":"Guitar +","variant":""}]}}}|Single Bass Plain Steel 018|XLB018P|
908|{"event":"productDetails","ecommerce":{"currencyCode":"USD","detail":{"products":[{"name":"DAddario XLB018P Plain Steel Bass Guitar Single String Long Scale .018","id":"XLB018P","price":"3.90","quantity":0.0,"brand":"D'Addario","category":"Guitar +","variant":""}]}}}|Single Bass Plain Steel 018|XLB018P|
909|{"event":"productDetails","ecommerce":{"currencyCode":"USD","detail":{"products":[{"name":"DAddario J4306 Pro-Arte Nylon Classical Guitar Single String Light Tension Sixth String","id":"J4306","price":"4.65","quantity":0.0,"brand":"D'Addario","category":"Guitar +","variant":""}]}}}|Single Silver Wound 042/J43 6th Light Tension|J4306|
910|{"event":"productDetails","ecommerce":{"currencyCode":"USD","detail":{"products":[{"name":"DAddario EXL170-12 Nickel Wound Bass Guitar Strings Light 18-45","id":"EXL170-12","price":"39.99","quantity":0.0,"brand":"D'Addario","category":"Guitar +","variant":"Pack Size-1"}]}}}|Light 12-String / Long Scale Set|EXL170-12|
911|{"event":"productDetails","ecommerce":{"currencyCode":"USD","detail":{"products":[{"name":"DAddario XLB025W Nickel Wound Bass Guitar Single String Long Scale .025","id":"XLB025W","price":"5.65","quantity":0.0,"brand":"D'Addario","category":"Guitar +","variant":""}]}}}|Single XL Nickel Wound 025 Long Scale|XLB025W|
912|{"event":"productDetails","ecommerce":{"currencyCode":"USD","detail":{"products":[{"name":"DAddario EXL170-12 Nickel Wound Bass Guitar Strings Light 18-45","id":"EXL170-12","price":"39.99","quantity":0.0,"brand":"D'Addario","category":"Guitar +","variant":"Pack Size-1"}]}}}|Light 12-String / Long Scale Set|EXL170-12|
913|{"event":"productDetails","ecommerce":{"currencyCode":"USD","detail":{"products":[{"name":"DAddario EXL170-12 Nickel Wound Bass Guitar Strings Light 18-45","id":"EXL170-12","price":"39.99","quantity":0.0,"brand":"D'Addario","category":"Guitar +","variant":"Pack Size-1"}]}}}|Light 12-String / Long Scale Set|EXL170-12|
914|{"event":"productDetails","ecommerce":{"currencyCode":"USD","detail":{"products":[{"name":"DAddario XLB085 Nickel Wound Bass Guitar Single String Long Scale .085","id":"XLB085","price":"8.20","quantity":0.0,"brand":"D'Addario","category":"Guitar +","variant":""}]}}}|Single XL Nickel Wound 085 Long Scale|XLB085|
915|{"event":"productDetails","ecommerce":{"currencyCode":"USD","detail":{"products":[{"name":"DAddario ECB81 Chromes Bass Guitar Strings Light 45-100 Long Scale","id":"ECB81","price":"44.99","quantity":0.0,"brand":"D'Addario","category":"Guitar +","variant":"Pack Size-1"}]}}}|Light / Long Scale Set|ECB81|
916|{"event":"productDetails","ecommerce":{"currencyCode":"USD","detail":{"products":[{"name":"DAddario EXL165SL Nickel Wound Bass Guitar Strings Custom Light 45-105 Super Long Scale","id":"EXL165SL","price":"24.99","quantity":0.0,"brand":"D'Addario","category":"Guitar +","variant":"Pack Size-1"}]}}}|Custom Light / Super Long Scale Set|EXL165SL|
917|{"event":"productDetails","ecommerce":{"currencyCode":"USD","detail":{"products":[{"name":"DAddario EXL165 5-String Nickel Wound Bass Guitar Strings Custom Light 45-135 Long Scale","id":"EXL165-5","price":"24.99","quantity":0.0,"brand":"D'Addario","category":"Guitar +","variant":"Pack Size-1"}]}}}|Custom Light 5-String / Long Scale Set|EXL165-5|
918|{"event":"productDetails","ecommerce":{"currencyCode":"USD","detail":{"products":[{"name":"DAddario ECB81SL Chromes Bass Guitar Strings Light 45-100 Super Long Scale","id":"ECB81SL","price":"48.99","quantity":0.0,"brand":"D'Addario","category":"Guitar +","variant":"Pack Size-1"}]}}}|Light / Super Long Scale Set|ECB81SL|
919|{"event":"productDetails","ecommerce":{"currencyCode":"USD","detail":{"products":[{"name":"DAddario ETB92M Tapewound Bass Guitar Strings Medium 50-105 Medium Scale","id":"ETB92M","price":"48.99","quantity":0.0,"brand":"D'Addario","category":"Guitar +","variant":"Pack Size-1"}]}}}|Medium / Medium Scale Set|ETB92M|
920|{"event":"productDetails","ecommerce":{"currencyCode":"USD","detail":{"products":[{"name":"DAddario ECB81SL Chromes Bass Guitar Strings Light 45-100 Super Long Scale","id":"ECB81SL","price":"48.99","quantity":0.0,"brand":"D'Addario","category":"Guitar +","variant":"Pack Size-1"}]}}}|Light / Super Long Scale Set|ECB81SL|
921|{"event":"productDetails","ecommerce":{"currencyCode":"USD","detail":{"products":[{"name":"DAddario EXL160TP Nickel Wound Bass Guitar Strings Medium 50-105 2 Sets Long Scale","id":"EXL160TP","price":"36.99","quantity":0.0,"brand":"D'Addario","category":"Guitar +","variant":"Pack Size-2"}]}}}|Medium / Long Scale Set|EXL160TP|
922|{"event":"productDetails","ecommerce":{"currencyCode":"USD","detail":{"products":[{"name":"DAddario J4605 Pro-Arte Nylon Classical Guitar Single String Hard Tension Fifth String","id":"J4605","price":"4.30","quantity":0.0,"brand":"D'Addario","category":"Guitar +","variant":""}]}}}|Single Silver Wound 036/J46 5th Hard Tension|J4605|
923|{"event":"productDetails","ecommerce":{"currencyCode":"USD","detail":{"products":[{"name":"DAddario EJ45TT ProArte Dynacore Classical Guitar Strings Titanium Trebles Normal Tension","id":"EJ45TT","price":"16.99","quantity":0.0,"brand":"D'Addario","category":"Guitar +","variant":"Pack Size-1"}]}}}|Silver Plated Wrap, Composite Dynacore, Titanium Nylon Trebles|EJ45TT|
924|{"event":"productDetails","ecommerce":{"currencyCode":"USD","detail":{"products":[{"name":"DAddario EXL160SL Nickel Wound Bass Guitar Strings Medium 50-105 Super Long Scale","id":"EXL160SL","price":"21.99","quantity":0.0,"brand":"D'Addario","category":"Guitar +","variant":"Pack Size-1"}]}}}|Medium / Super Long Scale Set|EXL160SL|
925|{"event":"productDetails","ecommerce":{"currencyCode":"USD","detail":{"products":[{"name":"DAddario ECB84 Chromes Bass Guitar Strings Custom Light 40-100 Long Scale","id":"ECB84","price":"44.99","quantity":0.0,"brand":"D'Addario","category":"Guitar +","variant":"Pack Size-1"}]}}}|Custom Light / Long Scale Set|ECB84|
926|{"event":"productDetails","ecommerce":{"currencyCode":"USD","detail":{"products":[{"name":"DAddario EXL160-5 5-String Nickel Wound Bass Guitar Strings Medium 50-135 Long Scale","id":"EXL160-5","price":"24.99","quantity":0.0,"brand":"D'Addario","category":"Guitar +","variant":"Pack Size-1"}]}}}|Medium 5-String / Long Scale Set|EXL160-5|
927|{"event":"productDetails","ecommerce":{"currencyCode":"USD","detail":{"products":[{"name":"DAddario ECB81SL Chromes Bass Guitar Strings Light 45-100 Super Long Scale","id":"ECB81SL","price":"48.99","quantity":0.0,"brand":"D'Addario","category":"Guitar +","variant":"Pack Size-1"}]}}}|Light / Super Long Scale Set|ECB81SL|
928|{"event":"productDetails","ecommerce":{"currencyCode":"USD","detail":{"products":[{"name":"DAddario XLB090 Nickel Wound Bass Guitar Single String Long Scale .090","id":"XLB090","price":"9.85","quantity":0.0,"brand":"D'Addario","category":"Guitar +","variant":""}]}}}|Single XL Nickel Wound 090 Long Scale|XLB090|
929|{"event":"productDetails","ecommerce":{"currencyCode":"USD","detail":{"products":[{"name":"DAddario EXL230 Nickel Wound Bass Guitar Strings Heavy 55-110 Long Scale","id":"EXL230","price":"19.99","quantity":0.0,"brand":"D'Addario","category":"Guitar +","variant":"Pack Size-1"}]}}}|Heavy / Long Scale Set|EXL230|
930|{"event":"productDetails","ecommerce":{"currencyCode":"USD","detail":{"products":[{"name":"DAddario EJ50 Pro-Arte Black Nylon Classical Guitar Strings Hard Tension","id":"EJ50","price":"10.99","quantity":0.0,"brand":"D'Addario","category":"Guitar +","variant":"Pack Size-1"}]}}}|Silver Plated Wrap, Nylon Core, Black Nylon Trebles|EJ50|
931|{"event":"productDetails","ecommerce":{"currencyCode":"USD","detail":{"products":[{"name":"DAddario EXL165 5-String Nickel Wound Bass Guitar Strings Custom Light 45-135 Long Scale","id":"EXL165-5","price":"24.99","quantity":0.0,"brand":"D'Addario","category":"Guitar +","variant":"Pack Size-1"}]}}}|Custom Light 5-String / Long Scale Set|EXL165-5|
932|{"event":"productDetails","ecommerce":{"currencyCode":"USD","detail":{"products":[{"name":"DAddario EJ25C Pro-Arte Clear Nylon Composite Flamenco Guitar Strings","id":"EJ25C","price":"13.99","quantity":0.0,"brand":"D'Addario","category":"Guitar +","variant":"Pack Size-1"}]}}}|Silver Plated Wrap, Composite Core, Clear Nylon Trebles|EJ25C|
933|{"event":"productDetails","ecommerce":{"currencyCode":"USD","detail":{"products":[{"name":"DAddario XLB105 Nickel Wound Bass Guitar Single String Long Scale .105","id":"XLB105","price":"9.85","quantity":0.0,"brand":"D'Addario","category":"Guitar +","variant":""}]}}}|Single XL Nickel Wound 105 Long Scale|XLB105|
934|{"event":"productDetails","ecommerce":{"currencyCode":"USD","detail":{"products":[{"name":"DAddario EJ50 Pro-Arte Black Nylon Classical Guitar Strings Hard Tension","id":"EJ50","price":"10.99","quantity":0.0,"brand":"D'Addario","category":"Guitar +","variant":"Pack Size-1"}]}}}|Silver Plated Wrap, Nylon Core, Black Nylon Trebles|EJ50|
935|{"event":"productDetails","ecommerce":{"currencyCode":"USD","detail":{"products":[{"name":"DAddario EJ25C Pro-Arte Clear Nylon Composite Flamenco Guitar Strings","id":"EJ25C","price":"13.99","quantity":0.0,"brand":"D'Addario","category":"Guitar +","variant":"Pack Size-1"}]}}}|Silver Plated Wrap, Composite Core, Clear Nylon Trebles|EJ25C|
936|{"event":"productDetails","ecommerce":{"currencyCode":"USD","detail":{"products":[{"name":"DAddario EJ49 Pro-Arte Black Nylon Classical Guitar Strings Normal Tension","id":"EJ49","price":"10.99","quantity":0.0,"brand":"D'Addario","category":"Guitar +","variant":"Pack Size-1"}]}}}|Silver Plated Wrap, Nylon Core, Black Nylon Trebles|EJ49|
937|{"event":"productDetails","ecommerce":{"currencyCode":"USD","detail":{"products":[{"name":"DAddario J4505LP Pro-Arte Composite Classical Guitar Single String Normal Tension Fifth String","id":"J4505LP","price":"6.20","quantity":0.0,"brand":"D'Addario","category":"Guitar +","variant":""}]}}}|Single Silver Wound Composite Polished 033/J45LP 5th Norm Tension|J4505LP|
938|{"event":"productDetails","ecommerce":{"currencyCode":"USD","detail":{"products":[{"name":"DAddario EJ29 Classics Rectified Classical Guitar Strings Moderate Tension","id":"EJ29","price":"12.99","quantity":0.0,"brand":"D'Addario","category":"Guitar +","variant":"Pack Size-1"}]}}}|Silver Plated Wrap, Nylon Core, Rectified Nylon Trebles|EJ29|
939|{"event":"productDetails","ecommerce":{"currencyCode":"USD","detail":{"products":[{"name":"DAddario EJ50 Pro-Arte Black Nylon Classical Guitar Strings Hard Tension","id":"EJ50","price":"10.99","quantity":0.0,"brand":"D'Addario","category":"Guitar +","variant":"Pack Size-1"}]}}}|Silver Plated Wrap, Nylon Core, Black Nylon Trebles|EJ50|
940|{"event":"productDetails","ecommerce":{"currencyCode":"USD","detail":{"products":[{"name":"DAddario ENR71SL Half Round Bass Guitar Strings Regular Light 45-100 Super Long Scale","id":"ENR71SL","price":"27.99","quantity":0.0,"brand":"D'Addario","category":"Guitar +","variant":"Pack Size-1"}]}}}|Regular Light / Super Long Set|ENR71SL|
941|{"event":"productDetails","ecommerce":{"currencyCode":"USD","detail":{"products":[{"name":"DAddario EXP170-5SL Coated 5-String Bass Guitar Strings Light 45-130 Super Long Scale","id":"EXP170-5SL","price":"0.00","quantity":0.0,"brand":"D'Addario","category":"Guitar +","variant":"Pack Size-1"}]}}}|Light 5-String / Super Long Scale Set|EXP170-5SL|
942|{"event":"productDetails","ecommerce":{"currencyCode":"USD","detail":{"products":[{"name":"DAddario EXP170-5SL Coated 5-String Bass Guitar Strings Light 45-130 Super Long Scale","id":"EXP170-5SL","price":"0.00","quantity":0.0,"brand":"D'Addario","category":"Guitar +","variant":"Pack Size-1"}]}}}|Light 5-String / Super Long Scale Set|EXP170-5SL|
943|{"event":"productDetails","ecommerce":{"currencyCode":"USD","detail":{"products":[{"name":"DAddario CB032 Chromes Bass Guitar Single String .132","id":"CB132","price":"31.20","quantity":0.0,"brand":"D'Addario","category":"Guitar +","variant":""}]}}}|Single Bass Chromes Flat Wound 132 Long Scale|CB132|
944|{"event":"productDetails","ecommerce":{"currencyCode":"USD","detail":{"products":[{"name":"DAddario J4505LP Pro-Arte Composite Classical Guitar Single String Normal Tension Fifth String","id":"J4505LP","price":"6.20","quantity":0.0,"brand":"D'Addario","category":"Guitar +","variant":""}]}}}|Single Silver Wound Composite Polished 033/J45LP 5th Norm Tension|J4505LP|
945|{"event":"productDetails","ecommerce":{"currencyCode":"USD","detail":{"products":[{"name":"DAddario EJ50 Pro-Arte Black Nylon Classical Guitar Strings Hard Tension","id":"EJ50","price":"10.99","quantity":0.0,"brand":"D'Addario","category":"Guitar +","variant":"Pack Size-1"}]}}}|Silver Plated Wrap, Nylon Core, Black Nylon Trebles|EJ50|
946|{"event":"productDetails","ecommerce":{"currencyCode":"USD","detail":{"products":[{"name":"DAddario EJ29 Classics Rectified Classical Guitar Strings Moderate Tension","id":"EJ29","price":"12.99","quantity":0.0,"brand":"D'Addario","category":"Guitar +","variant":"Pack Size-1"}]}}}|Silver Plated Wrap, Nylon Core, Rectified Nylon Trebles|EJ29|
947|{"event":"productDetails","ecommerce":{"currencyCode":"USD","detail":{"products":[{"name":"DAddario ENR71SL Half Round Bass Guitar Strings Regular Light 45-100 Super Long Scale","id":"ENR71SL","price":"27.99","quantity":0.0,"brand":"D'Addario","category":"Guitar +","variant":"Pack Size-1"}]}}}|Regular Light / Super Long Set|ENR71SL|
948|{"event":"productDetails","ecommerce":{"currencyCode":"USD","detail":{"products":[{"name":"DAddario ENR71M Half Round Bass Guitar Strings Regular Light 45-100 Medium Scale","id":"ENR71M","price":"24.99","quantity":0.0,"brand":"D'Addario","category":"Guitar +","variant":"Pack Size-1"}]}}}|Regular Light / Medium Scale Set|ENR71M|
949|{"event":"productDetails","ecommerce":{"currencyCode":"USD","detail":{"products":[{"name":"DAddario EXPPBB170-5 Phosphor Bronze Coated 5-String Acoustic Bass Strings Long Scale 45-130","id":"EXPPBB170-5","price":"90.90","quantity":0.0,"brand":"D'Addario","category":"Guitar +","variant":"Pack Size-1"}]}}}|Light 5-String / Long Scale Set|EXPPBB170-5|
950|{"event":"productDetails","ecommerce":{"currencyCode":"USD","detail":{"products":[{"name":"DAddario J4704 80/20 Bronze Pro-Arte Nylon Classical Guitar Single String Normal Tension Fourth String","id":"J4704","price":"3.50","quantity":0.0,"brand":"D'Addario","category":"Guitar +","variant":""}]}}}|Single 80/20 Bronze Wound 029/J47 4th Normal Tension|J4704|
951|{"event":"productDetails","ecommerce":{"currencyCode":"USD","detail":{"products":[{"name":"DAddario J4405C Pro-Arte Composite Classical Guitar Single String Extra-Hard Tension Fifth String","id":"J4405C","price":"5.50","quantity":0.0,"brand":"D'Addario","category":"Guitar +","variant":""}]}}}|Single Silver Wound Composite 036/J44C 5th Extra-Hard Tension|J4405C|
952|{"event":"productDetails","ecommerce":{"currencyCode":"USD","detail":{"products":[{"name":"DAddario J4301 Pro-Arte Nylon Classical Guitar Single String Light Tension First String","id":"J4301","price":"1.60","quantity":0.0,"brand":"D'Addario","category":"Guitar +","variant":""}]}}}|Single Clear Nylon 0275/J43 1st Light Tension|J4301|
953|{"event":"productDetails","ecommerce":{"currencyCode":"USD","detail":{"products":[{"name":"DAddario EXL160SL Nickel Wound Bass Guitar Strings Medium 50-105 Super Long Scale","id":"EXL160SL","price":"21.99","quantity":0.0,"brand":"D'Addario","category":"Guitar +","variant":"Pack Size-1"}]}}}|Medium / Super Long Scale Set|EXL160SL|
954|{"event":"productDetails","ecommerce":{"currencyCode":"USD","detail":{"products":[{"name":"DAddario EXPPBB170-5 Phosphor Bronze Coated 5-String Acoustic Bass Strings Long Scale 45-130","id":"EXPPBB170-5","price":"90.90","quantity":0.0,"brand":"D'Addario","category":"Guitar +","variant":"Pack Size-1"}]}}}|Light 5-String / Long Scale Set|EXPPBB170-5|
955|{"event":"productDetails","ecommerce":{"currencyCode":"USD","detail":{"products":[{"name":"DAddario EJ46LP Pro-Arte Composite Classical Guitar Strings Hard Tension","id":"EJ46LP","price":"14.99","quantity":0.0,"brand":"D'Addario","category":"Guitar +","variant":"Pack Size-1"}]}}}|Silver Plated Wrap, Composite Core, Clear Nylon Trebles|EJ46LP|
956|{"event":"productDetails","ecommerce":{"currencyCode":"USD","detail":{"products":[{"name":"DAddario ENR71SL Half Round Bass Guitar Strings Regular Light 45-100 Super Long Scale","id":"ENR71SL","price":"27.99","quantity":0.0,"brand":"D'Addario","category":"Guitar +","variant":"Pack Size-1"}]}}}|Regular Light / Super Long Set|ENR71SL|
957|{"event":"productDetails","ecommerce":{"currencyCode":"USD","detail":{"products":[{"name":"DAddario ETB92M Tapewound Bass Guitar Strings Medium 50-105 Medium Scale","id":"ETB92M","price":"48.99","quantity":0.0,"brand":"D'Addario","category":"Guitar +","variant":"Pack Size-1"}]}}}|Medium / Medium Scale Set|ETB92M|
958|{"event":"productDetails","ecommerce":{"currencyCode":"USD","detail":{"products":[{"name":"DAddario J4603 Pro-Arte Nylon Classical Guitar Single String Hard Tension Third String","id":"J4603","price":"1.80","quantity":0.0,"brand":"D'Addario","category":"Guitar +","variant":""}]}}}|Single Clear Nylon 0410/J46/J71 3rd Hard Tension|J4603|
959|{"event":"productDetails","ecommerce":{"currencyCode":"USD","detail":{"products":[{"name":"DAddario EXP44 Coated Classical Guitar Strings Extra Hard Tension","id":"EXP44","price":"0.00","quantity":0.0,"brand":"D'Addario","category":"Guitar +","variant":"Pack Size-1"}]}}}|Extra Hard Tension|EXP44|
960|{"event":"productDetails","ecommerce":{"currencyCode":"USD","detail":{"products":[{"name":"DAddario ENR71S Half Round Bass Guitar Strings Regular Light 45-100 Short Scale","id":"ENR71S","price":"21.99","quantity":0.0,"brand":"D'Addario","category":"Guitar +","variant":"Pack Size-1"}]}}}|Regular Light / Short Scale Set|ENR71S|
961|{"event":"productDetails","ecommerce":{"currencyCode":"USD","detail":{"products":[{"name":"DAddario EJ25C Pro-Arte Clear Nylon Composite Flamenco Guitar Strings","id":"EJ25C","price":"13.99","quantity":0.0,"brand":"D'Addario","category":"Guitar +","variant":"Pack Size-1"}]}}}|Silver Plated Wrap, Composite Core, Clear Nylon Trebles|EJ25C|
962|{"event":"productDetails","ecommerce":{"currencyCode":"USD","detail":{"products":[{"name":"DAddario J4505LP Pro-Arte Composite Classical Guitar Single String Normal Tension Fifth String","id":"J4505LP","price":"6.20","quantity":0.0,"brand":"D'Addario","category":"Guitar +","variant":""}]}}}|Single Silver Wound Composite Polished 033/J45LP 5th Norm Tension|J4505LP|
963|{"event":"productDetails","ecommerce":{"currencyCode":"USD","detail":{"products":[{"name":"DAddario J4301 Pro-Arte Nylon Classical Guitar Single String Light Tension First String","id":"J4301","price":"1.60","quantity":0.0,"brand":"D'Addario","category":"Guitar +","variant":""}]}}}|Single Clear Nylon 0275/J43 1st Light Tension|J4301|
964|{"event":"productDetails","ecommerce":{"currencyCode":"USD","detail":{"products":[{"name":"DAddario EXP170SL Coated Bass Guitar Strings Light 45-100 Super Long Scale","id":"EXP170SL","price":"0.00","quantity":0.0,"brand":"D'Addario","category":"Guitar +","variant":"Pack Size-1"}]}}}|Light / Super Long Scale Set|EXP170SL|
965|{"event":"productDetails","ecommerce":{"currencyCode":"USD","detail":{"products":[{"name":"DAddario EXL165SL Nickel Wound Bass Guitar Strings Custom Light 45-105 Super Long Scale","id":"EXL165SL","price":"24.99","quantity":0.0,"brand":"D'Addario","category":"Guitar +","variant":"Pack Size-1"}]}}}|Custom Light / Super Long Scale Set|EXL165SL|
966|{"event":"productDetails","ecommerce":{"currencyCode":"USD","detail":{"products":[{"name":"DAddario J4505LP Pro-Arte Composite Classical Guitar Single String Normal Tension Sixth String","id":"J4506LP","price":"6.30","quantity":0.0,"brand":"D'Addario","category":"Guitar +","variant":""}]}}}|Single Silver Wound Composite Polished 043/J45LP 6th Norm Tension|J4506LP|
967|{"event":"productDetails","ecommerce":{"currencyCode":"USD","detail":{"products":[{"name":"DAddario ENR71S Half Round Bass Guitar Strings Regular Light 45-100 Short Scale","id":"ENR71S","price":"21.99","quantity":0.0,"brand":"D'Addario","category":"Guitar +","variant":"Pack Size-1"}]}}}|Regular Light / Short Scale Set|ENR71S|
968|{"event":"productDetails","ecommerce":{"currencyCode":"USD","detail":{"products":[{"name":"DAddario ETB92 Tapewound Bass Guitar Strings Medium 50-105 Long Scale","id":"ETB92","price":"48.99","quantity":0.0,"brand":"D'Addario","category":"Guitar +","variant":"Pack Size-1"}]}}}|Medium/ Long Scale Set|ETB92|
969|{"event":"productDetails","ecommerce":{"currencyCode":"USD","detail":{"products":[{"name":"DAddario EXP4504 Coated Classical Guitar Single String Normal Tension Fourth String","id":"EXP4504","price":"4.80","quantity":0.0,"brand":"D'Addario","category":"Guitar +","variant":""}]}}}|Single .029 4TH Normal Tension|EXP4504|
970|{"event":"productDetails","ecommerce":{"currencyCode":"USD","detail":{"products":[{"name":"DAddario EJ51 Pro-Arte Classical Guitar Strings with Polished Basses Hard Tension","id":"EJ51","price":"25.99","quantity":0.0,"brand":"D'Addario","category":"Guitar +","variant":"Pack Size-1"}]}}}|Silver Plated Wrap, Nylon Core, Clear Nylon Trebles|EJ51|
971|{"event":"productDetails","ecommerce":{"currencyCode":"USD","detail":{"products":[{"name":"DAddario ENR73 Half Round Bass Guitar Strings Heavy 55-110 Long Scale","id":"ENR73","price":"24.99","quantity":0.0,"brand":"D'Addario","category":"Guitar +","variant":"Pack Size-1"}]}}}|Heavy / Long Scale Set|ENR73|
972|{"event":"productDetails","ecommerce":{"currencyCode":"USD","detail":{"products":[{"name":"DAddario EJ50 Pro-Arte Black Nylon Classical Guitar Strings Hard Tension","id":"EJ50","price":"10.99","quantity":0.0,"brand":"D'Addario","category":"Guitar +","variant":"Pack Size-1"}]}}}|Silver Plated Wrap, Nylon Core, Black Nylon Trebles|EJ50|
973|{"event":"productDetails","ecommerce":{"currencyCode":"USD","detail":{"products":[{"name":"DAddario EXPPBB170 Phosphor Bronze Coated Acoustic Bass Strings Long Scale 45-100","id":"EXPPBB170","price":"77.40","quantity":0.0,"brand":"D'Addario","category":"Guitar +","variant":"Pack Size-1"}]}}}|Light / Long Scale Set|EXPPBB170|
974|{"event":"productDetails","ecommerce":{"currencyCode":"USD","detail":{"products":[{"name":"DAddario ENR71SL Half Round Bass Guitar Strings Regular Light 45-100 Super Long Scale","id":"ENR71SL","price":"27.99","quantity":0.0,"brand":"D'Addario","category":"Guitar +","variant":"Pack Size-1"}]}}}|Regular Light / Super Long Set|ENR71SL|
975|{"event":"productDetails","ecommerce":{"currencyCode":"USD","detail":{"products":[{"name":"DAddario J2902 Classics Rectified Classical Guitar Single String Moderate Tension Second String","id":"J2902","price":"2.00","quantity":0.0,"brand":"D'Addario","category":"Guitar +","variant":""}]}}}|Single Rectified Nylon 031/J29 2nd Moderate Tension|J2902|
976|{"event":"productDetails","ecommerce":{"currencyCode":"USD","detail":{"products":[{"name":"DAddario EJ29 Classics Rectified Classical Guitar Strings Moderate Tension","id":"EJ29","price":"12.99","quantity":0.0,"brand":"D'Addario","category":"Guitar +","variant":"Pack Size-1"}]}}}|Silver Plated Wrap, Nylon Core, Rectified Nylon Trebles|EJ29|
977|{"event":"productDetails","ecommerce":{"currencyCode":"USD","detail":{"products":[{"name":"DAddario EXP170SL Coated Bass Guitar Strings Light 45-100 Super Long Scale","id":"EXP170SL","price":"0.00","quantity":0.0,"brand":"D'Addario","category":"Guitar +","variant":"Pack Size-1"}]}}}|Light / Super Long Scale Set|EXP170SL|
978|{"event":"productDetails","ecommerce":{"currencyCode":"USD","detail":{"products":[{"name":"DAddario EJ25C Pro-Arte Clear Nylon Composite Flamenco Guitar Strings","id":"EJ25C","price":"13.99","quantity":0.0,"brand":"D'Addario","category":"Guitar +","variant":"Pack Size-1"}]}}}|Silver Plated Wrap, Composite Core, Clear Nylon Trebles|EJ25C|
979|{"event":"productDetails","ecommerce":{"currencyCode":"USD","detail":{"products":[{"name":"DAddario EXL220-5 5-String Nickel Wound Bass Guitar Strings Super Light 40-125 Long Scale","id":"EXL220-5","price":"24.99","quantity":0.0,"brand":"D'Addario","category":"Guitar +","variant":"Pack Size-1"}]}}}|Super Light 5-String / Long Scale Set|EXL220-5|
980|{"event":"productDetails","ecommerce":{"currencyCode":"USD","detail":{"products":[{"name":"DAddario J4401 Pro-Arte Nylon Classical Guitar Single String Extra-Hard Tension First String","id":"J4401","price":"1.60","quantity":0.0,"brand":"D'Addario","category":"Guitar +","variant":""}]}}}|Single Clear Nylon 0290/J44 1st/J71 4th Extra-Hard Tension|J4401|
981|{"event":"productDetails","ecommerce":{"currencyCode":"USD","detail":{"products":[{"name":"DAddario EXP4404 Coated Classical Guitar Single String Extra-Hard Tension Fourth String","id":"EXP4404","price":"0.00","quantity":0.0,"brand":"D'Addario","category":"Guitar +","variant":""}]}}}|Single .030 4TH String Extra Hard Tension|EXP4404|
982|{"event":"productDetails","ecommerce":{"currencyCode":"USD","detail":{"products":[{"name":"DAddario J4401 Pro-Arte Nylon Classical Guitar Single String Extra-Hard Tension First String","id":"J4401","price":"1.60","quantity":0.0,"brand":"D'Addario","category":"Guitar +","variant":""}]}}}|Single Clear Nylon 0290/J44 1st/J71 4th Extra-Hard Tension|J4401|
983|{"event":"productDetails","ecommerce":{"currencyCode":"USD","detail":{"products":[{"name":"DAddario EXPPBB170-5 Phosphor Bronze Coated 5-String Acoustic Bass Strings Long Scale 45-130","id":"EXPPBB170-5","price":"90.90","quantity":0.0,"brand":"D'Addario","category":"Guitar +","variant":"Pack Size-1"}]}}}|Light 5-String / Long Scale Set|EXPPBB170-5|
984|{"event":"productDetails","ecommerce":{"currencyCode":"USD","detail":{"products":[{"name":"DAddario EJ50 Pro-Arte Black Nylon Classical Guitar Strings Hard Tension","id":"EJ50","price":"10.99","quantity":0.0,"brand":"D'Addario","category":"Guitar +","variant":"Pack Size-1"}]}}}|Silver Plated Wrap, Nylon Core, Black Nylon Trebles|EJ50|
985|{"event":"productDetails","ecommerce":{"currencyCode":"USD","detail":{"products":[{"name":"DAddario EJ29 Classics Rectified Classical Guitar Strings Moderate Tension","id":"EJ29","price":"12.99","quantity":0.0,"brand":"D'Addario","category":"Guitar +","variant":"Pack Size-1"}]}}}|Silver Plated Wrap, Nylon Core, Rectified Nylon Trebles|EJ29|
986|{"event":"productDetails","ecommerce":{"currencyCode":"USD","detail":{"products":[{"name":"DAddario ENR71S Half Round Bass Guitar Strings Regular Light 45-100 Short Scale","id":"ENR71S","price":"21.99","quantity":0.0,"brand":"D'Addario","category":"Guitar +","variant":"Pack Size-1"}]}}}|Regular Light / Short Scale Set|ENR71S|
987|{"event":"productDetails","ecommerce":{"currencyCode":"USD","detail":{"products":[{"name":"DAddario EJ50 Pro-Arte Black Nylon Classical Guitar Strings Hard Tension","id":"EJ50","price":"10.99","quantity":0.0,"brand":"D'Addario","category":"Guitar +","variant":"Pack Size-1"}]}}}|Silver Plated Wrap, Nylon Core, Black Nylon Trebles|EJ50|
988|{"event":"productDetails","ecommerce":{"currencyCode":"USD","detail":{"products":[{"name":"DAddario J4301 Pro-Arte Nylon Classical Guitar Single String Light Tension First String","id":"J4301","price":"1.60","quantity":0.0,"brand":"D'Addario","category":"Guitar +","variant":""}]}}}|Single Clear Nylon 0275/J43 1st Light Tension|J4301|
989|{"event":"productDetails","ecommerce":{"currencyCode":"USD","detail":{"products":[{"name":"DAddario EJ29 Classics Rectified Classical Guitar Strings Moderate Tension","id":"EJ29","price":"12.99","quantity":0.0,"brand":"D'Addario","category":"Guitar +","variant":"Pack Size-1"}]}}}|Silver Plated Wrap, Nylon Core, Rectified Nylon Trebles|EJ29|
990|{"event":"productDetails","ecommerce":{"currencyCode":"USD","detail":{"products":[{"name":"DAddario EJ29 Classics Rectified Classical Guitar Strings Moderate Tension","id":"EJ29","price":"12.99","quantity":0.0,"brand":"D'Addario","category":"Guitar +","variant":"Pack Size-1"}]}}}|Silver Plated Wrap, Nylon Core, Rectified Nylon Trebles|EJ29|
991|{"event":"productDetails","ecommerce":{"currencyCode":"USD","detail":{"products":[{"name":"DAddario EXPPBB170 Phosphor Bronze Coated Acoustic Bass Strings Long Scale 45-100","id":"EXPPBB170","price":"77.40","quantity":0.0,"brand":"D'Addario","category":"Guitar +","variant":"Pack Size-1"}]}}}|Light / Long Scale Set|EXPPBB170|
992|{"event":"productDetails","ecommerce":{"currencyCode":"USD","detail":{"products":[{"name":"DAddario J4504LP Pro-Arte Composite Classical Guitar Single String Normal Tension Fourth String","id":"J4504LP","price":"6.05","quantity":0.0,"brand":"D'Addario","category":"Guitar +","variant":""}]}}}|Single Silver Wound Composite Polished 027/J45LP 4th Norm Tension|J4504LP|
993|{"event":"productDetails","ecommerce":{"currencyCode":"USD","detail":{"products":[{"name":"DAddario EJ25C Pro-Arte Clear Nylon Composite Flamenco Guitar Strings","id":"EJ25C","price":"13.99","quantity":0.0,"brand":"D'Addario","category":"Guitar +","variant":"Pack Size-1"}]}}}|Silver Plated Wrap, Composite Core, Clear Nylon Trebles|EJ25C|
994|{"event":"productDetails","ecommerce":{"currencyCode":"USD","detail":{"products":[{"name":"DAddario EJ25C Pro-Arte Clear Nylon Composite Flamenco Guitar Strings","id":"EJ25C","price":"13.99","quantity":0.0,"brand":"D'Addario","category":"Guitar +","variant":"Pack Size-1"}]}}}|Silver Plated Wrap, Composite Core, Clear Nylon Trebles|EJ25C|
995|{"event":"productDetails","ecommerce":{"currencyCode":"USD","detail":{"products":[{"name":"DAddario ENR71-5 Half Round 5-String Bass Guitar Strings Regular Light 45-130 Long Scale","id":"ENR71-5","price":"39.99","quantity":0.0,"brand":"D'Addario","category":"Guitar +","variant":"Pack Size-1"}]}}}|Regular Light 5-String / Long Scale Set|ENR71-5|
996|{"event":"productDetails","ecommerce":{"currencyCode":"USD","detail":{"products":[{"name":"DAddario J4301 Pro-Arte Nylon Classical Guitar Single String Light Tension First String","id":"J4301","price":"1.60","quantity":0.0,"brand":"D'Addario","category":"Guitar +","variant":""}]}}}|Single Clear Nylon 0275/J43 1st Light Tension|J4301|
997|{"event":"productDetails","ecommerce":{"currencyCode":"USD","detail":{"products":[{"name":"DAddario J4605 Pro-Arte Nylon Classical Guitar Single String Hard Tension Fifth String","id":"J4605","price":"4.30","quantity":0.0,"brand":"D'Addario","category":"Guitar +","variant":""}]}}}|Single Silver Wound 036/J46 5th Hard Tension|J4605|
998|{"event":"productDetails","ecommerce":{"currencyCode":"USD","detail":{"products":[{"name":"DAddario J4401 Pro-Arte Nylon Classical Guitar Single String Extra-Hard Tension First String","id":"J4401","price":"1.60","quantity":0.0,"brand":"D'Addario","category":"Guitar +","variant":""}]}}}|Single Clear Nylon 0290/J44 1st/J71 4th Extra-Hard Tension|J4401|
999|{"event":"productDetails","ecommerce":{"currencyCode":"USD","detail":{"products":[{"name":"DAddario EJ29 Classics Rectified Classical Guitar Strings Moderate Tension","id":"EJ29","price":"12.99","quantity":0.0,"brand":"D'Addario","category":"Guitar +","variant":"Pack Size-1"}]}}}|Silver Plated Wrap, Nylon Core, Rectified Nylon Trebles|EJ29|
1000|{"event":"productDetails","ecommerce":{"currencyCode":"USD","detail":{"products":[{"name":"DAddario J4403 Pro-Arte Nylon Classical Guitar Single String Extra-Hard Tension Third String","id":"J4403","price":"1.80","quantity":0.0,"brand":"D'Addario","category":"Guitar +","variant":""}]}}}|Single Clear Nylon 0416/J44 3rd Extra-Hard Tension|J4403|
1001|Silver Plated Wrap, Composite Core, Clear Nylon Trebles|EJ44C|
1002|{"event":"productDetails","ecommerce":{"currencyCode":"USD","detail":{"products":[{"name":"DAddario J4403C Pro-Arte Composite Classical Guitar Single String Extra-Hard Tension Third String","id":"J4403C","price":"4.95","quantity":0.0,"brand":"D'Addario","category":"Guitar +","variant":""}]}}}|Single Composite 038/J44C 3rd Extra-Hard Tension|J4403C|
1003|{"event":"productDetails","ecommerce":{"currencyCode":"USD","detail":{"products":[{"name":"DAddario J4405C Pro-Arte Composite Classical Guitar Single String Extra-Hard Tension Fifth String","id":"J4405C","price":"5.50","quantity":0.0,"brand":"D'Addario","category":"Guitar +","variant":""}]}}}|Single Silver Wound Composite 036/J44C 5th Extra-Hard Tension|J4405C|
1004|{"event":"productDetails","ecommerce":{"currencyCode":"USD","detail":{"products":[{"name":"DAddario J4406C Pro-Arte Composite Classical Guitar Single String Extra-Hard Tension Sixth String","id":"J4406C","price":"5.60","quantity":0.0,"brand":"D'Addario","category":"Guitar +","variant":""}]}}}|Single Silver Wound Single Composite 047/J44C 6th Extra-Hard Tension|J4406C|
1005|{"event":"productDetails","ecommerce":{"currencyCode":"USD","detail":{"products":[{"name":"DAddario EJ25C Pro-Arte Clear Nylon Composite Flamenco Guitar Strings","id":"EJ25C","price":"13.99","quantity":0.0,"brand":"D'Addario","category":"Guitar +","variant":"Pack Size-1"}]}}}|Silver Plated Wrap, Composite Core, Clear Nylon Trebles|EJ25C|
1006|{"event":"productDetails","ecommerce":{"currencyCode":"USD","detail":{"products":[{"name":"DAddario EJ25B Pro-Arte Black Nylon Composite Flamenco Guitar Strings","id":"EJ25B","price":"13.99","quantity":0.0,"brand":"D'Addario","category":"Guitar +","variant":"Pack Size-1"}]}}}|Silver Plated Wrap, Composite Core, Black Nylon Trebles|EJ25B|
1007|{"event":"productDetails","ecommerce":{"currencyCode":"USD","detail":{"products":[{"name":"DAddario EJ45LP Pro-Arte Composite Classical Guitar Strings Normal Tension","id":"EJ45LP","price":"14.99","quantity":0.0,"brand":"D'Addario","category":"Guitar +","variant":"Pack Size-1"}]}}}|Silver Plated Wrap, Composite Core, Clear Nylon Trebles|EJ45LP|
1008|{"event":"productDetails","ecommerce":{"currencyCode":"USD","detail":{"products":[{"name":"DAddario J4504LP Pro-Arte Composite Classical Guitar Single String Normal Tension Fourth String","id":"J4504LP","price":"6.05","quantity":0.0,"brand":"D'Addario","category":"Guitar +","variant":""}]}}}|Single Silver Wound Composite Polished 027/J45LP 4th Norm Tension|J4504LP|
1009|{"event":"productDetails","ecommerce":{"currencyCode":"USD","detail":{"products":[{"name":"DAddario J4505LP Pro-Arte Composite Classical Guitar Single String Normal Tension Fifth String","id":"J4505LP","price":"6.20","quantity":0.0,"brand":"D'Addario","category":"Guitar +","variant":""}]}}}|Single Silver Wound Composite Polished 033/J45LP 5th Norm Tension|J4505LP|
1010|{"event":"productDetails","ecommerce":{"currencyCode":"USD","detail":{"products":[{"name":"DAddario J4505LP Pro-Arte Composite Classical Guitar Single String Normal Tension Sixth String","id":"J4506LP","price":"6.30","quantity":0.0,"brand":"D'Addario","category":"Guitar +","variant":""}]}}}|Single Silver Wound Composite Polished 043/J45LP 6th Norm Tension|J4506LP|
1011|{"event":"productDetails","ecommerce":{"currencyCode":"USD","detail":{"products":[{"name":"DAddario EJ46LP Pro-Arte Composite Classical Guitar Strings Hard Tension","id":"EJ46LP","price":"14.99","quantity":0.0,"brand":"D'Addario","category":"Guitar +","variant":"Pack Size-1"}]}}}|Silver Plated Wrap, Composite Core, Clear Nylon Trebles|EJ46LP|
1012|{"event":"productDetails","ecommerce":{"currencyCode":"USD","detail":{"products":[{"name":"DAddario J4604LP Pro-Arte Composite Classical Guitar Single String Hard Tension Fourth String","id":"J4604LP","price":"6.05","quantity":0.0,"brand":"D'Addario","category":"Guitar +","variant":""}]}}}|Single Silver Wound Composite Polished029/J46LP 4th Hard Tension|J4604LP|
1013|{"event":"productDetails","ecommerce":{"currencyCode":"USD","detail":{"products":[{"name":"DAddario J4605LP Pro-Arte Composite Classical Guitar Single String Hard Tension Fifth String","id":"J4605LP","price":"6.20","quantity":0.0,"brand":"D'Addario","category":"Guitar +","variant":""}]}}}|Single Silver Wound Composite Polished 035/J46LP 5th Hard Tension|J4605LP|
1014|{"event":"productDetails","ecommerce":{"currencyCode":"USD","detail":{"products":[{"name":"DAddario J4606LP Pro-Arte Composite Classical Guitar Single String Hard Tension Sixth String","id":"J4606LP","price":"6.30","quantity":0.0,"brand":"D'Addario","category":"Guitar +","variant":""}]}}}|Single Silver Wound Composite Polished 044/J46LP 6th Hard Tension|J4606LP|
1015|{"event":"productDetails","ecommerce":{"currencyCode":"USD","detail":{"products":[{"name":"DAddario EJ44LP Pro-Arte Composite Classical Guitar Strings Extra-Hard Tension","id":"EJ44LP","price":"12.99","quantity":0.0,"brand":"D'Addario","category":"Guitar +","variant":"Pack Size-1"}]}}}|Silver Plated Wrap, Composite Core, Clear Nylon Trebles|EJ44LP|
1016|{"event":"productDetails","ecommerce":{"currencyCode":"USD","detail":{"products":[{"name":"DAddario EXP45 Coated Classical Guitar Strings Normal Tension","id":"EXP45","price":"0.00","quantity":0.0,"brand":"D'Addario","category":"Guitar +","variant":"Pack Size-1"}]}}}|Normal Tension|EXP45|
1017|{"event":"productDetails","ecommerce":{"currencyCode":"USD","detail":{"products":[{"name":"DAddario EXP4504 Coated Classical Guitar Single String Normal Tension Fourth String","id":"EXP4504","price":"4.80","quantity":0.0,"brand":"D'Addario","category":"Guitar +","variant":""}]}}}|Single .029 4TH Normal Tension|EXP4504|
1018|{"event":"productDetails","ecommerce":{"currencyCode":"USD","detail":{"products":[{"name":"DAddario EXP4505 Coated Classical Guitar Single String Normal Tension Fifth String","id":"EXP4505","price":"0.00","quantity":0.0,"brand":"D'Addario","category":"Guitar +","variant":""}]}}}|Single .035 5TH String Normal Tension|EXP4505|
1019|{"event":"productDetails","ecommerce":{"currencyCode":"USD","detail":{"products":[{"name":"DAddario EXP4506 Coated Classical Guitar Single String Normal Tension Sixth String","id":"EXP4506","price":"6.10","quantity":0.0,"brand":"D'Addario","category":"Guitar +","variant":""}]}}}|Single .043 6TH String Normal Tension|EXP4506|
1020|{"event":"productDetails","ecommerce":{"currencyCode":"USD","detail":{"products":[{"name":"DAddario EXP46 Coated Classical Guitar Strings Hard Tension","id":"EXP46","price":"24.45","quantity":0.0,"brand":"D'Addario","category":"Guitar +","variant":"Pack Size-1"}]}}}|Hard Tension|EXP46|
1021|{"event":"productDetails","ecommerce":{"currencyCode":"USD","detail":{"products":[{"name":"DAddario EXP4604 Coated Classical Guitar Single String Hard Tension Fourth String","id":"EXP4604","price":"0.00","quantity":0.0,"brand":"D'Addario","category":"Guitar +","variant":""}]}}}|Single .030 4TH String Hard Tension|EXP4604|
1022|{"event":"productDetails","ecommerce":{"currencyCode":"USD","detail":{"products":[{"name":"DAddario EXP4605 Coated Classical Guitar Single String Hard Tension Fifth String","id":"EXP4605","price":"0.00","quantity":0.0,"brand":"D'Addario","category":"Guitar +","variant":""}]}}}|Single .036 5TH String Hard Tension|EXP4605|
1023|{"event":"productDetails","ecommerce":{"currencyCode":"USD","detail":{"products":[{"name":"DAddario EXP4606 Coated Classical Guitar Single String Hard Tension Sixth String","id":"EXP4606","price":"0.00","quantity":0.0,"brand":"D'Addario","category":"Guitar +","variant":""}]}}}|Single .044 6TH String Hard Tension|EXP4606|
1024|{"event":"productDetails","ecommerce":{"currencyCode":"USD","detail":{"products":[{"name":"DAddario EXP44 Coated Classical Guitar Strings Extra Hard Tension","id":"EXP44","price":"0.00","quantity":0.0,"brand":"D'Addario","category":"Guitar +","variant":"Pack Size-1"}]}}}|Extra Hard Tension|EXP44|
1025|{"event":"productDetails","ecommerce":{"currencyCode":"USD","detail":{"products":[{"name":"DAddario EXP4404 Coated Classical Guitar Single String Extra-Hard Tension Fourth String","id":"EXP4404","price":"0.00","quantity":0.0,"brand":"D'Addario","category":"Guitar +","variant":""}]}}}|Single .030 4TH String Extra Hard Tension|EXP4404|
1026|{"event":"productDetails","ecommerce":{"currencyCode":"USD","detail":{"products":[{"name":"DAddario EXP4405 Coated Classical Guitar Single String Extra-Hard Tension Fifth String","id":"EXP4405","price":"0.00","quantity":0.0,"brand":"D'Addario","category":"Guitar +","variant":""}]}}}|Single .036 5TH String Extra Hard Tension|EXP4405|
1027|{"event":"productDetails","ecommerce":{"currencyCode":"USD","detail":{"products":[{"name":"DAddario EXP4406 Coated Classical Guitar Single String Extra-Hard Tension Sixth String","id":"EXP4406","price":"6.10","quantity":0.0,"brand":"D'Addario","category":"Guitar +","variant":""}]}}}|Single .047 6TH String Extra Hard Tension|EXP4406|
1028|{"event":"productDetails","ecommerce":{"currencyCode":"USD","detail":{"products":[{"name":"DAddario EJ43 Pro-Arte Nylon Classical Guitar Strings Light Tension","id":"EJ43","price":"10.99","quantity":0.0,"brand":"D'Addario","category":"Guitar +","variant":"Pack Size-1"}]}}}|Silver Plated Wrap, Nylon Core, Clear Nylon Trebles|EJ43|
1029|{"event":"productDetails","ecommerce":{"currencyCode":"USD","detail":{"products":[{"name":"DAddario J4301 Pro-Arte Nylon Classical Guitar Single String Light Tension First String","id":"J4301","price":"1.60","quantity":0.0,"brand":"D'Addario","category":"Guitar +","variant":""}]}}}|Single Clear Nylon 0275/J43 1st Light Tension|J4301|
1030|{"event":"productDetails","ecommerce":{"currencyCode":"USD","detail":{"products":[{"name":"DAddario J4302 Pro-Arte Nylon Classical Guitar Single String Light Tension Second String","id":"J4302","price":"1.70","quantity":0.0,"brand":"D'Addario","category":"Guitar +","variant":""}]}}}|Single Clear Nylon 0317/J43 2nd Light Tension|J4302|
1031|{"event":"productDetails","ecommerce":{"currencyCode":"USD","detail":{"products":[{"name":"DAddario J4303 Pro-Arte Nylon Classical Guitar Single String Light Tension Third String","id":"J4303","price":"1.80","quantity":0.0,"brand":"D'Addario","category":"Guitar +","variant":""}]}}}|Single Clear Nylon 0397/J43 3rd Light Tension|J4303|
1032|{"event":"productDetails","ecommerce":{"currencyCode":"USD","detail":{"products":[{"name":"DAddario J4304 Pro-Arte Nylon Classical Guitar Single String Light Tension Fourth String","id":"J4304","price":"3.55","quantity":0.0,"brand":"D'Addario","category":"Guitar +","variant":""}]}}}|Single Silver Wound 028/J43 4th Light Tension|J4304|
1033|{"event":"productDetails","ecommerce":{"currencyCode":"USD","detail":{"products":[{"name":"DAddario J4305 Pro-Arte Nylon Classical Guitar Single String Light Tension Fifth String","id":"J4305","price":"4.30","quantity":0.0,"brand":"D'Addario","category":"Guitar +","variant":""}]}}}|Single Silver Wound 033/J43 5th Light Tension|J4305|
1034|{"event":"productDetails","ecommerce":{"currencyCode":"USD","detail":{"products":[{"name":"DAddario J4306 Pro-Arte Nylon Classical Guitar Single String Light Tension Sixth String","id":"J4306","price":"4.65","quantity":0.0,"brand":"D'Addario","category":"Guitar +","variant":""}]}}}|Single Silver Wound 042/J43 6th Light Tension|J4306|
1035|{"event":"productDetails","ecommerce":{"currencyCode":"USD","detail":{"products":[{"name":"DAddario EJ47 80/20 Bronze Pro-Arte Nylon Classical Guitar Strings Normal Tension","id":"EJ47","price":"10.99","quantity":0.0,"brand":"D'Addario","category":"Guitar +","variant":"Pack Size-1"}]}}}|80/20 Bronze Wrap, Nylon Core, Clear Nylon Trebles|EJ47|
1036|{"event":"productDetails","ecommerce":{"currencyCode":"USD","detail":{"products":[{"name":"DAddario J4704 80/20 Bronze Pro-Arte Nylon Classical Guitar Single String Normal Tension Fourth String","id":"J4704","price":"3.50","quantity":0.0,"brand":"D'Addario","category":"Guitar +","variant":""}]}}}|Single 80/20 Bronze Wound 029/J47 4th Normal Tension|J4704|
1037|{"event":"productDetails","ecommerce":{"currencyCode":"USD","detail":{"products":[{"name":"DAddario J4705 80/20 Bronze Pro-Arte Nylon Classical Guitar Single String Normal Tension Fifth String","id":"J4705","price":"4.25","quantity":0.0,"brand":"D'Addario","category":"Guitar +","variant":""}]}}}|Single 80/20 Bronze Wound 035/J47 5th Normal Tension|J4705|
1038|{"event":"productDetails","ecommerce":{"currencyCode":"USD","detail":{"products":[{"name":"DAddario J4706 80/20 Bronze Pro-Arte Nylon Classical Guitar Single String Normal Tension Sixth String","id":"J4706","price":"4.50","quantity":0.0,"brand":"D'Addario","category":"Guitar +","variant":""}]}}}|Single 80/20 Bronze Wound 043/J47 6th Normal Tension|J4706|
1039|{"event":"productDetails","ecommerce":{"currencyCode":"USD","detail":{"products":[{"name":"DAddario EJ48 80/20 Bronze Pro-Arte Nylon Classical Guitar Strings Hard Tension","id":"EJ48","price":"10.99","quantity":0.0,"brand":"D'Addario","category":"Guitar +","variant":"Pack Size-1"}]}}}|80/20 Bronze Wrap, Nylon Core, Clear Nylon Trebles|EJ48|
1040|{"event":"productDetails","ecommerce":{"currencyCode":"USD","detail":{"products":[{"name":"DAddario EJ45 Pro-Arte Nylon Classical Guitar Strings Normal Tension","id":"EJ45","price":"10.99","quantity":0.0,"brand":"D'Addario","category":"Guitar +","variant":"Pack Size-1"}]}}}|Silver Plated Wrap, Nylon Core, Clear Nylon Trebles|EJ45|
1041|{"event":"productDetails","ecommerce":{"currencyCode":"USD","detail":{"products":[{"name":"DAddario EJ45-3D Pro-Arte Nylon Classical Guitar Strings Normal Tension 3 Sets","id":"EJ45-3D","price":"29.99","quantity":0.0,"brand":"D'Addario","category":"Guitar +","variant":"Pack Size-3"}]}}}|Silver Plated Wrap, Nylon Core, Clear Nylon Trebles|EJ45-3D|
1042|{"event":"productDetails","ecommerce":{"currencyCode":"USD","detail":{"products":[{"name":"DAddario J4504 Pro-Arte Nylon Classical Guitar Single String Normal Tension Fourth String","id":"J4504","price":"3.55","quantity":0.0,"brand":"D'Addario","category":"Guitar +","variant":""}]}}}|Single Silver Wound 029/J45 4th Normal Tension|J4504|
1043|{"event":"productDetails","ecommerce":{"currencyCode":"USD","detail":{"products":[{"name":"DAddario J4505 Pro-Arte Nylon Classical Guitar Single String Normal Tension Fifth String","id":"J4505","price":"4.30","quantity":0.0,"brand":"D'Addario","category":"Guitar +","variant":""}]}}}|Single Silver Wound 035/J45 5th Normal Tension|J4505|
1044|{"event":"productDetails","ecommerce":{"currencyCode":"USD","detail":{"products":[{"name":"DAddario J4506 Pro-Arte Nylon Classical Guitar Single String Normal Tension Sixth String","id":"J4506","price":"4.65","quantity":0.0,"brand":"D'Addario","category":"Guitar +","variant":""}]}}}|Single Silver Wound 043/J45 6th Normal Tension|J4506|
1045|{"event":"productDetails","ecommerce":{"currencyCode":"USD","detail":{"products":[{"name":"DAddario EJ46 Pro-Arte Nylon Classical Guitar Strings Hard Tension","id":"EJ46","price":"10.99","quantity":0.0,"brand":"D'Addario","category":"Guitar +","variant":"Pack Size-1"}]}}}|Silver Plated Wrap, Nylon Core, Clear Nylon Trebles|EJ46|
1046|{"event":"productDetails","ecommerce":{"currencyCode":"USD","detail":{"products":[{"name":"DAddario EJ46-3D Pro-Arte Nylon Classical Guitar Strings Hard Tension 3 Sets","id":"EJ46-3D","price":"29.99","quantity":0.0,"brand":"D'Addario","category":"Guitar +","variant":"Pack Size-3"}]}}}|Silver Plated Wrap, Nylon Core, Clear Nylon Trebles|EJ46-3D|
1047|{"event":"productDetails","ecommerce":{"currencyCode":"USD","detail":{"products":[{"name":"DAddario J4604 Pro-Arte Nylon Classical Guitar Single String Hard Tension Fourth String","id":"J4604","price":"3.55","quantity":0.0,"brand":"D'Addario","category":"Guitar +","variant":""}]}}}|Single Silver Wound 030/J46 4th Hard Tension|J4604|
1048|{"event":"productDetails","ecommerce":{"currencyCode":"USD","detail":{"products":[{"name":"DAddario J4605 Pro-Arte Nylon Classical Guitar Single String Hard Tension Fifth String","id":"J4605","price":"4.30","quantity":0.0,"brand":"D'Addario","category":"Guitar +","variant":""}]}}}|Single Silver Wound 036/J46 5th Hard Tension|J4605|
1049|{"event":"productDetails","ecommerce":{"currencyCode":"USD","detail":{"products":[{"name":"DAddario J4606 Pro-Arte Nylon Classical Guitar Single String Hard Tension Sixth String","id":"J4606","price":"4.65","quantity":0.0,"brand":"D'Addario","category":"Guitar +","variant":""}]}}}|Single Silver Wound 044/J46 6th Hard Tension|J4606|
1050|{"event":"productDetails","ecommerce":{"currencyCode":"USD","detail":{"products":[{"name":"DAddario EJ44 Pro-Arte Nylon Classical Guitar Strings Extra Hard Tension","id":"EJ44","price":"10.99","quantity":0.0,"brand":"D'Addario","category":"Guitar +","variant":"Pack Size-1"}]}}}|Silver Plated Wrap, Nylon Core, Clear Nylon Trebles|EJ44|
1051|{"event":"productDetails","ecommerce":{"currencyCode":"USD","detail":{"products":[{"name":"DAddario J4605 Pro-Arte Nylon Classical Guitar Single String Hard Tension Fifth String","id":"J4605","price":"4.30","quantity":0.0,"brand":"D'Addario","category":"Guitar +","variant":""}]}}}|Single Silver Wound 036/J46 5th Hard Tension|J4605|
1052|{"event":"productDetails","ecommerce":{"currencyCode":"USD","detail":{"products":[{"name":"DAddario ESXL165 Nickel Wound Bass Guitar Strings Custom Light 45-105 Double Ball End Long Scale","id":"ESXL165","price":"29.99","quantity":0.0,"brand":"D'Addario","category":"Guitar +","variant":"Pack Size-1"}]}}}|Double ball end Custom Light / Long Scale Set|ESXL165|
1053|{"event":"productDetails","ecommerce":{"currencyCode":"USD","detail":{"products":[{"name":"DAddario EXPPBB190GS Phosphor Bronze Coated Acoustic Bass Strings Taylor GS Mini Scale 37-90","id":"EXPPBB190GS","price":"39.99","quantity":0.0,"brand":"D'Addario","category":"Guitar +","variant":"Pack Size-1"}]}}}|Light / Taylor GS Mini Set|EXPPBB190GS|
1054|{"event":"productDetails","ecommerce":{"currencyCode":"USD","detail":{"products":[{"name":"DAddario EJ29 Classics Rectified Classical Guitar Strings Moderate Tension","id":"EJ29","price":"12.99","quantity":0.0,"brand":"D'Addario","category":"Guitar +","variant":"Pack Size-1"}]}}}|Silver Plated Wrap, Nylon Core, Rectified Nylon Trebles|EJ29|
1055|{"event":"productDetails","ecommerce":{"currencyCode":"USD","detail":{"products":[{"name":"DAddario EJ50 Pro-Arte Black Nylon Classical Guitar Strings Hard Tension","id":"EJ50","price":"10.99","quantity":0.0,"brand":"D'Addario","category":"Guitar +","variant":"Pack Size-1"}]}}}|Silver Plated Wrap, Nylon Core, Black Nylon Trebles|EJ50|
1056|{"event":"productDetails","ecommerce":{"currencyCode":"USD","detail":{"products":[{"name":"DAddario EXPPBB170-5 Phosphor Bronze Coated 5-String Acoustic Bass Strings Long Scale 45-130","id":"EXPPBB170-5","price":"90.90","quantity":0.0,"brand":"D'Addario","category":"Guitar +","variant":"Pack Size-1"}]}}}|Light 5-String / Long Scale Set|EXPPBB170-5|
1057|{"event":"productDetails","ecommerce":{"currencyCode":"USD","detail":{"products":[{"name":"DAddario J4505LP Pro-Arte Composite Classical Guitar Single String Normal Tension Fifth String","id":"J4505LP","price":"6.20","quantity":0.0,"brand":"D'Addario","category":"Guitar +","variant":""}]}}}|Single Silver Wound Composite Polished 033/J45LP 5th Norm Tension|J4505LP|
1058|{"event":"productDetails","ecommerce":{"currencyCode":"USD","detail":{"products":[{"name":"DAddario EJ29 Classics Rectified Classical Guitar Strings Moderate Tension","id":"EJ29","price":"12.99","quantity":0.0,"brand":"D'Addario","category":"Guitar +","variant":"Pack Size-1"}]}}}|Silver Plated Wrap, Nylon Core, Rectified Nylon Trebles|EJ29|
1059|{"event":"productDetails","ecommerce":{"currencyCode":"USD","detail":{"products":[{"name":"DAddario EJ25C Pro-Arte Clear Nylon Composite Flamenco Guitar Strings","id":"EJ25C","price":"13.99","quantity":0.0,"brand":"D'Addario","category":"Guitar +","variant":"Pack Size-1"}]}}}|Silver Plated Wrap, Composite Core, Clear Nylon Trebles|EJ25C|
1060|{"event":"productDetails","ecommerce":{"currencyCode":"USD","detail":{"products":[{"name":"DAddario EXPPBB170S Phosphor Bronze Coated Acoustic Bass Strings Short Scale 45-100","id":"EXPPBB170S","price":"77.40","quantity":0.0,"brand":"D'Addario","category":"Guitar +","variant":"Pack Size-1"}]}}}|Light / Short Scale Set|EXPPBB170S|
1061|{"event":"productDetails","ecommerce":{"currencyCode":"USD","detail":{"products":[{"name":"DAddario J2903 Classics Rectified Classical Guitar Single String Moderate Tension Third String","id":"J2903","price":"2.15","quantity":0.0,"brand":"D'Addario","category":"Guitar +","variant":""}]}}}|Single Rectified Nylon 039/J29 3rd Moderate Tension|J2903|
1062|{"event":"productDetails","ecommerce":{"currencyCode":"USD","detail":{"products":[{"name":"DAddario LCH-3B Pro-Arte Lightly Polished Silver Plated Copper on Composite Core Classical Guitar Half Set Hard Tension","id":"LCH-3B","price":"10.99","quantity":0.0,"brand":"D'Addario","category":"Guitar +","variant":""}]}}}|Hard Tension|LCH-3B|
1063|{"event":"productDetails","ecommerce":{"currencyCode":"USD","detail":{"products":[{"name":"DAddario J2903 Classics Rectified Classical Guitar Single String Moderate Tension Third String","id":"J2903","price":"2.15","quantity":0.0,"brand":"D'Addario","category":"Guitar +","variant":""}]}}}|Single Rectified Nylon 039/J29 3rd Moderate Tension|J2903|
1064|{"event":"productDetails","ecommerce":{"currencyCode":"USD","detail":{"products":[{"name":"DAddario J2701 Student Nylon Classical Guitar Single String Normal Tension First String","id":"J2701","price":"1.10","quantity":0.0,"brand":"D'Addario","category":"Guitar +","variant":""}]}}}|Single Student Nylon 028/J27 1st Normal Tension|J2701|
1065|{"event":"productDetails","ecommerce":{"currencyCode":"USD","detail":{"products":[{"name":"DAddario EJ30 Classics Rectified Classical Guitar Strings Normal Tension","id":"EJ30","price":"12.99","quantity":0.0,"brand":"D'Addario","category":"Guitar +","variant":"Pack Size-1"}]}}}|Silver Plated Wrap, Nylon Core, Rectified Nylon Trebles|EJ30|
1066|{"event":"productDetails","ecommerce":{"currencyCode":"USD","detail":{"products":[{"name":"DAddario EJ82C Viola Brasileira Set Cebolao Mi and Boiadeira","id":"EJ82C","price":"6.49","quantity":0.0,"brand":"D'Addario","category":"Guitar +","variant":"Pack Size-1"}]}}}|Cebol&#227;o Mi and Boiadeira Tunings|EJ82C|
1067|{"event":"productDetails","ecommerce":{"currencyCode":"USD","detail":{"products":[{"name":"DAddario CGN-3T Pro-Arte Clear Nylon w/ Composite G Classical Guitar Half Set Normal Tension","id":"CGN-3T","price":"4.99","quantity":0.0,"brand":"D'Addario","category":"Guitar +","variant":""}]}}}|Normal Tension|CGN-3T|
1068|{"event":"productDetails","ecommerce":{"currencyCode":"USD","detail":{"products":[{"name":"DAddario J27H02 Student Nylon Classical Guitar Single String Hard Tension Second String","id":"J27H02","price":"1.30","quantity":0.0,"brand":"D'Addario","category":"Guitar +","variant":""}]}}}|Single Clear Nylon 033/J27 2nd Hard Tension|J27H02|
1069|{"event":"productDetails","ecommerce":{"currencyCode":"USD","detail":{"products":[{"name":"DAddario J3004 Rectified Classical Guitar Single String Normal Tension Fourth String","id":"J3004","price":"3.55","quantity":0.0,"brand":"D'Addario","category":"Guitar +","variant":""}]}}}|Single Silver Wound 029/J30 4th Normal Tension|J3004|
1070|{"event":"productDetails","ecommerce":{"currencyCode":"USD","detail":{"products":[{"name":"DAddario HGN-3T Pro-Arte Hybrid Carbon G Classical Guitar Half Set Normal Tension","id":"HGN-3T","price":"4.99","quantity":0.0,"brand":"D'Addario","category":"Guitar +","variant":""}]}}}|Normal Tension|HGN-3T|
1071|{"event":"productDetails","ecommerce":{"currencyCode":"USD","detail":{"products":[{"name":"DAddario J3006 Rectified Classical Guitar Single String Normal Tension Sixth String","id":"J3006","price":"4.65","quantity":0.0,"brand":"D'Addario","category":"Guitar +","variant":""}]}}}|Single Silver Wound 043/J30 6th Normal Tension|J3006|
1072|{"event":"productDetails","ecommerce":{"currencyCode":"USD","detail":{"products":[{"name":"DAddario BES045W Folk Nylon Guitar Single String Silver Wound Ball End .045","id":"BES045W","price":"4.15","quantity":0.0,"brand":"D'Addario","category":"Guitar +","variant":""}]}}}|Single Classical / Folk Guitar Silver Wound 045 Ball End|BES045W|
1073|{"event":"productDetails","ecommerce":{"currencyCode":"USD","detail":{"products":[{"name":"DAddario J2703 Student Nylon Classical Guitar Single String Normal Tension Third String","id":"J2703","price":"1.35","quantity":0.0,"brand":"D'Addario","category":"Guitar +","variant":""}]}}}|Single Student Nylon 040/J27 3rd Normal Tension|J2703|
1074|{"event":"productDetails","ecommerce":{"currencyCode":"USD","detail":{"products":[{"name":"DAddario J2701 Student Nylon Classical Guitar Single String Normal Tension First String","id":"J2701","price":"1.10","quantity":0.0,"brand":"D'Addario","category":"Guitar +","variant":""}]}}}|Single Student Nylon 028/J27 1st Normal Tension|J2701|
1075|{"event":"productDetails","ecommerce":{"currencyCode":"USD","detail":{"products":[{"name":"DAddario EJ30 Classics Rectified Classical Guitar Strings Normal Tension","id":"EJ30","price":"12.99","quantity":0.0,"brand":"D'Addario","category":"Guitar +","variant":"Pack Size-1"}]}}}|Silver Plated Wrap, Nylon Core, Rectified Nylon Trebles|EJ30|
1076|{"event":"productDetails","ecommerce":{"currencyCode":"USD","detail":{"products":[{"name":"DAddario J2701 Student Nylon Classical Guitar Single String Normal Tension First String","id":"J2701","price":"1.10","quantity":0.0,"brand":"D'Addario","category":"Guitar +","variant":""}]}}}|Single Student Nylon 028/J27 1st Normal Tension|J2701|
1077|{"event":"productDetails","ecommerce":{"currencyCode":"USD","detail":{"products":[{"name":"DAddario J3001 Rectified Classical Guitar Single String Normal Tension First String","id":"J3001","price":"1.95","quantity":0.0,"brand":"D'Addario","category":"Guitar +","variant":""}]}}}|Single Rectified Nylon 028/J30 1st Normal Tension|J3001|
1078|{"event":"productDetails","ecommerce":{"currencyCode":"USD","detail":{"products":[{"name":"DAddario J3106 Rectified Classical Guitar Single String Hard Tension Sixth String","id":"J3106","price":"4.65","quantity":0.0,"brand":"D'Addario","category":"Guitar +","variant":""}]}}}|Single Silver Wound 044/J31 6th Hard Tension|J3106|
1079|{"event":"productDetails","ecommerce":{"currencyCode":"USD","detail":{"products":[{"name":"DAddario EJ33 Folk Nylon Guitar Strings Ball End 80/20 Bronze/Clear Nylon Trebles","id":"EJ33","price":"10.99","quantity":0.0,"brand":"D'Addario","category":"Guitar +","variant":"Pack Size-1"}]}}}|80/20 Bronze Wrap, Nylon Core, Clear Nylon Trebles ball end|EJ33|
1080|{"event":"productDetails","ecommerce":{"currencyCode":"USD","detail":{"products":[{"name":"DAddario J27H01 Student Nylon Classical Guitar Single String Hard Tension First String","id":"J27H01","price":"1.10","quantity":0.0,"brand":"D'Addario","category":"Guitar +","variant":""}]}}}|Single Clear Nylon 029/J27 1st Hard Tension|J27H01|
1081|{"event":"productDetails","ecommerce":{"currencyCode":"USD","detail":{"products":[{"name":"DAddario J2701 Student Nylon Classical Guitar Single String Normal Tension First String","id":"J2701","price":"1.10","quantity":0.0,"brand":"D'Addario","category":"Guitar +","variant":""}]}}}|Single Student Nylon 028/J27 1st Normal Tension|J2701|
1082|{"event":"productDetails","ecommerce":{"currencyCode":"USD","detail":{"products":[{"name":"DAddario EJ98 Cuatro-Venezuela Strings","id":"EJ98","price":"5.99","quantity":0.0,"brand":"D'Addario","category":"Guitar +","variant":"Pack Size-1"}]}}}|Normal Tension String Set|EJ98|
1083|{"event":"productDetails","ecommerce":{"currencyCode":"USD","detail":{"products":[{"name":"DAddario SDX-3B Pro-Arte Silver Plated Copper on Composite Dynacore Classical Guitar Half Set Extra Hard Tension","id":"SDX-3B","price":"12.99","quantity":0.0,"brand":"D'Addario","category":"Guitar +","variant":"Pack Size-1"}]}}}|Extra Hard Tension|SDX-3B|
1084|{"event":"productDetails","ecommerce":{"currencyCode":"USD","detail":{"products":[{"name":"DAddario J27H01 Student Nylon Classical Guitar Single String Hard Tension First String","id":"J27H01","price":"1.10","quantity":0.0,"brand":"D'Addario","category":"Guitar +","variant":""}]}}}|Single Clear Nylon 029/J27 1st Hard Tension|J27H01|
1085|{"event":"productDetails","ecommerce":{"currencyCode":"USD","detail":{"products":[{"name":"DAddario CGN-3T Pro-Arte Clear Nylon w/ Composite G Classical Guitar Half Set Normal Tension","id":"CGN-3T","price":"4.99","quantity":0.0,"brand":"D'Addario","category":"Guitar +","variant":""}]}}}|Normal Tension|CGN-3T|
1086|{"event":"productDetails","ecommerce":{"currencyCode":"USD","detail":{"products":[{"name":"DAddario SCN-3B Pro-Arte Silver Plated Copper on Composite Core Classical Guitar Half Set Normal Tension","id":"SCN-3B","price":"9.99","quantity":0.0,"brand":"D'Addario","category":"Guitar +","variant":""}]}}}|Normal Tension|SCN-3B|
1087|{"event":"productDetails","ecommerce":{"currencyCode":"USD","detail":{"products":[{"name":"DAddario J2701 Student Nylon Classical Guitar Single String Normal Tension First String","id":"J2701","price":"1.10","quantity":0.0,"brand":"D'Addario","category":"Guitar +","variant":""}]}}}|Single Student Nylon 028/J27 1st Normal Tension|J2701|
1088|{"event":"productDetails","ecommerce":{"currencyCode":"USD","detail":{"products":[{"name":"DAddario SCN-3B Pro-Arte Silver Plated Copper on Composite Core Classical Guitar Half Set Normal Tension","id":"SCN-3B","price":"9.99","quantity":0.0,"brand":"D'Addario","category":"Guitar +","variant":""}]}}}|Normal Tension|SCN-3B|
1089|{"event":"productDetails","ecommerce":{"currencyCode":"USD","detail":{"products":[{"name":"DAddario J3005 Rectified Classical Guitar Single String Normal Tension Fifth String","id":"J3005","price":"4.30","quantity":0.0,"brand":"D'Addario","category":"Guitar +","variant":""}]}}}|Single Silver Wound 035/J30 5th Normal Tension|J3005|
1090|{"event":"productDetails","ecommerce":{"currencyCode":"USD","detail":{"products":[{"name":"DAddario TNN-3T Pro-Arte Titanium Nylon Classical Guitar Half Set Normal Tension","id":"TNN-3T","price":"5.49","quantity":0.0,"brand":"D'Addario","category":"Guitar +","variant":""}]}}}|Normal Tension|TNN-3T|
1091|{"event":"productDetails","ecommerce":{"currencyCode":"USD","detail":{"products":[{"name":"DAddario J3106 Rectified Classical Guitar Single String Hard Tension Sixth String","id":"J3106","price":"4.65","quantity":0.0,"brand":"D'Addario","category":"Guitar +","variant":""}]}}}|Single Silver Wound 044/J31 6th Hard Tension|J3106|
1092|{"event":"productDetails","ecommerce":{"currencyCode":"USD","detail":{"products":[{"name":"DAddario J3006 Rectified Classical Guitar Single String Normal Tension Sixth String","id":"J3006","price":"4.65","quantity":0.0,"brand":"D'Addario","category":"Guitar +","variant":""}]}}}|Single Silver Wound 043/J30 6th Normal Tension|J3006|
1093|{"event":"productDetails","ecommerce":{"currencyCode":"USD","detail":{"products":[{"name":"DAddario EJ27N 1/2 Student Nylon Fractional Classical Guitar Strings Normal Tension","id":"EJ27N 1/2","price":"7.49","quantity":0.0,"brand":"D'Addario","category":"Guitar +","variant":"Pack Size-1"}]}}}|Silver Plated Wrap, Nylon Core, 1/2 Clear Student Nylon Trebles|EJ27N 1/2|
1094|{"event":"productDetails","ecommerce":{"currencyCode":"USD","detail":{"products":[{"name":"DAddario BNN-3B Pro-Arte 80/20 Bronze on Nylon Core Classical Guitar Half Set Normal Tension","id":"BNN-3B","price":"7.49","quantity":0.0,"brand":"D'Addario","category":"Guitar +","variant":""}]}}}|Normal Tension|BNN-3B|
1095|{"event":"productDetails","ecommerce":{"currencyCode":"USD","detail":{"products":[{"name":"DAddario J2702 Student Nylon Classical Guitar Single String Normal Tension Second String","id":"J2702","price":"1.30","quantity":0.0,"brand":"D'Addario","category":"Guitar +","variant":""}]}}}|Single Student Nylon 032/J27 2nd Normal Tension|J2702|
1096|{"event":"productDetails","ecommerce":{"currencyCode":"USD","detail":{"products":[{"name":"DAddario BNN-3B Pro-Arte 80/20 Bronze on Nylon Core Classical Guitar Half Set Normal Tension","id":"BNN-3B","price":"7.49","quantity":0.0,"brand":"D'Addario","category":"Guitar +","variant":""}]}}}|Normal Tension|BNN-3B|
1097|{"event":"productDetails","ecommerce":{"currencyCode":"USD","detail":{"products":[{"name":"DAddario BEB040 Folk Nylon Guitar Single String Black Nylon Ball End .040","id":"BEB040","price":"2.30","quantity":0.0,"brand":"D'Addario","category":"Guitar +","variant":""}]}}}|Single Classical / Folk Guitar Black Nylon 040 Ball End|BEB040|
1098|{"event":"productDetails","ecommerce":{"currencyCode":"USD","detail":{"products":[{"name":"DAddario TNX-3T Pro-Arte Titanium Nylon Classical Guitar Half Set Extra Hard Tension","id":"TNX-3T","price":"5.49","quantity":0.0,"brand":"D'Addario","category":"Guitar +","variant":""}]}}}|Extra Hard Tension|TNX-3T|
1099|{"event":"productDetails","ecommerce":{"currencyCode":"USD","detail":{"products":[{"name":"DAddario EJ27N 1/2 Student Nylon Fractional Classical Guitar Strings Normal Tension","id":"EJ27N 1/2","price":"7.49","quantity":0.0,"brand":"D'Addario","category":"Guitar +","variant":"Pack Size-1"}]}}}|Silver Plated Wrap, Nylon Core, 1/2 Clear Student Nylon Trebles|EJ27N 1/2|
1100|{"event":"productDetails","ecommerce":{"currencyCode":"USD","detail":{"products":[{"name":"DAddario EJ32C Folk Nylon Guitar Strings Ball End Silver Wound/Clear Nylon Trebles","id":"EJ32C","price":"10.99","quantity":0.0,"brand":"D'Addario","category":"Guitar +","variant":"Pack Size-1"}]}}}|Silver Plated Wrap, Nylon Core, Clear Nylon Trebles ball end|EJ32C|
1101|{"event":"productDetails","ecommerce":{"currencyCode":"USD","detail":{"products":[{"name":"DAddario CNL-3T Pro-Arte Clear Nylon Classical Guitar Half Set Light Tension","id":"CNL-3T","price":"3.49","quantity":0.0,"brand":"D'Addario","category":"Guitar +","variant":""}]}}}|Light Tension|CNL-3T|
1102|{"event":"productDetails","ecommerce":{"currencyCode":"USD","detail":{"products":[{"name":"DAddario BEC032 Folk Nylon Guitar Single String Clear Nylon Ball End .032","id":"BEC032","price":"2.15","quantity":0.0,"brand":"D'Addario","category":"Guitar +","variant":""}]}}}|Single Classical / Folk Guitar Clear Nylon 032 Ball End|BEC032|
1103|{"event":"productDetails","ecommerce":{"currencyCode":"USD","detail":{"products":[{"name":"DAddario CNH-3T Pro-Arte Clear Nylon Classical Guitar Half Set Hard Tension","id":"CNH-3T","price":"3.49","quantity":0.0,"brand":"D'Addario","category":"Guitar +","variant":""}]}}}|Hard Tension|CNH-3T|
1104|{"event":"productDetails","ecommerce":{"currencyCode":"USD","detail":{"products":[{"name":"DAddario J3004 Rectified Classical Guitar Single String Normal Tension Fourth String","id":"J3004","price":"3.55","quantity":0.0,"brand":"D'Addario","category":"Guitar +","variant":""}]}}}|Single Silver Wound 029/J30 4th Normal Tension|J3004|
1105|{"event":"productDetails","ecommerce":{"currencyCode":"USD","detail":{"products":[{"name":"DAddario J2903 Classics Rectified Classical Guitar Single String Moderate Tension Third String","id":"J2903","price":"2.15","quantity":0.0,"brand":"D'Addario","category":"Guitar +","variant":""}]}}}|Single Rectified Nylon 039/J29 3rd Moderate Tension|J2903|
1106|{"event":"productDetails","ecommerce":{"currencyCode":"USD","detail":{"products":[{"name":"DAddario EJ32C Folk Nylon Guitar Strings Ball End Silver Wound/Clear Nylon Trebles","id":"EJ32C","price":"10.99","quantity":0.0,"brand":"D'Addario","category":"Guitar +","variant":"Pack Size-1"}]}}}|Silver Plated Wrap, Nylon Core, Clear Nylon Trebles ball end|EJ32C|
1107|{"event":"productDetails","ecommerce":{"currencyCode":"USD","detail":{"products":[{"name":"DAddario EJ32C Folk Nylon Guitar Strings Ball End Silver Wound/Clear Nylon Trebles","id":"EJ32C","price":"10.99","quantity":0.0,"brand":"D'Addario","category":"Guitar +","variant":"Pack Size-1"}]}}}|Silver Plated Wrap, Nylon Core, Clear Nylon Trebles ball end|EJ32C|
1108|{"event":"productDetails","ecommerce":{"currencyCode":"USD","detail":{"products":[{"name":"DAddario BNN-3T Pro-Arte Black Nylon Classical Guitar Half Set Normal Tension","id":"BNN-3T","price":"3.49","quantity":0.0,"brand":"D'Addario","category":"Guitar +","variant":""}]}}}|Normal Tension|BNN-3T|
1109|{"event":"productDetails","ecommerce":{"currencyCode":"USD","detail":{"products":[{"name":"DAddario EJ27N 1/2 Student Nylon Fractional Classical Guitar Strings Normal Tension","id":"EJ27N 1/2","price":"7.49","quantity":0.0,"brand":"D'Addario","category":"Guitar +","variant":"Pack Size-1"}]}}}|Silver Plated Wrap, Nylon Core, 1/2 Clear Student Nylon Trebles|EJ27N 1/2|
1110|{"event":"productDetails","ecommerce":{"currencyCode":"USD","detail":{"products":[{"name":"DAddario EJ32C Folk Nylon Guitar Strings Ball End Silver Wound/Clear Nylon Trebles","id":"EJ32C","price":"10.99","quantity":0.0,"brand":"D'Addario","category":"Guitar +","variant":"Pack Size-1"}]}}}|Silver Plated Wrap, Nylon Core, Clear Nylon Trebles ball end|EJ32C|
1111|{"event":"productDetails","ecommerce":{"currencyCode":"USD","detail":{"products":[{"name":"DAddario CGN-3T Pro-Arte Clear Nylon w/ Composite G Classical Guitar Half Set Normal Tension","id":"CGN-3T","price":"4.99","quantity":0.0,"brand":"D'Addario","category":"Guitar +","variant":""}]}}}|Normal Tension|CGN-3T|
1112|{"event":"productDetails","ecommerce":{"currencyCode":"USD","detail":{"products":[{"name":"DAddario SDH-3B Pro-Arte Silver Plated Copper on Composite Dynacore Classical Guitar Half Set Hard Tension","id":"SDH-3B","price":"12.99","quantity":0.0,"brand":"D'Addario","category":"Guitar +","variant":"Pack Size-1"}]}}}|Hard Tension|SDH-3B|
1113|{"event":"productDetails","ecommerce":{"currencyCode":"USD","detail":{"products":[{"name":"DAddario SDX-3B Pro-Arte Silver Plated Copper on Composite Dynacore Classical Guitar Half Set Extra Hard Tension","id":"SDX-3B","price":"12.99","quantity":0.0,"brand":"D'Addario","category":"Guitar +","variant":"Pack Size-1"}]}}}|Extra Hard Tension|SDX-3B|
1114|{"event":"productDetails","ecommerce":{"currencyCode":"USD","detail":{"products":[{"name":"DAddario J27H01 Student Nylon Classical Guitar Single String Hard Tension First String","id":"J27H01","price":"1.10","quantity":0.0,"brand":"D'Addario","category":"Guitar +","variant":""}]}}}|Single Clear Nylon 029/J27 1st Hard Tension|J27H01|
1115|{"event":"productDetails","ecommerce":{"currencyCode":"USD","detail":{"products":[{"name":"DAddario J3001 Rectified Classical Guitar Single String Normal Tension First String","id":"J3001","price":"1.95","quantity":0.0,"brand":"D'Addario","category":"Guitar +","variant":""}]}}}|Single Rectified Nylon 028/J30 1st Normal Tension|J3001|
1116|{"event":"productDetails","ecommerce":{"currencyCode":"USD","detail":{"products":[{"name":"DAddario RNN-3T Pro-Arte Rectified Clear Nylon Classical Guitar Half Set Normal Tension","id":"RNN-3T","price":"4.49","quantity":0.0,"brand":"D'Addario","category":"Guitar +","variant":""}]}}}|Normal Tension|RNN-3T|
1117|{"event":"productDetails","ecommerce":{"currencyCode":"USD","detail":{"products":[{"name":"DAddario BNH-3T Pro-Arte Black Nylon Classical Guitar Half Set Hard Tension","id":"BNH-3T","price":"3.49","quantity":0.0,"brand":"D'Addario","category":"Guitar +","variant":""}]}}}|Hard Tension|BNH-3T|
1118|{"event":"productDetails","ecommerce":{"currencyCode":"USD","detail":{"products":[{"name":"DAddario J2703 Student Nylon Classical Guitar Single String Normal Tension Third String","id":"J2703","price":"1.35","quantity":0.0,"brand":"D'Addario","category":"Guitar +","variant":""}]}}}|Single Student Nylon 040/J27 3rd Normal Tension|J2703|
1119|{"event":"productDetails","ecommerce":{"currencyCode":"USD","detail":{"products":[{"name":"DAddario SCN-3B Pro-Arte Silver Plated Copper on Composite Core Classical Guitar Half Set Normal Tension","id":"SCN-3B","price":"9.99","quantity":0.0,"brand":"D'Addario","category":"Guitar +","variant":""}]}}}|Normal Tension|SCN-3B|
1120|{"event":"productDetails","ecommerce":{"currencyCode":"USD","detail":{"products":[{"name":"DAddario EJ30 Classics Rectified Classical Guitar Strings Normal Tension","id":"EJ30","price":"12.99","quantity":0.0,"brand":"D'Addario","category":"Guitar +","variant":"Pack Size-1"}]}}}|Silver Plated Wrap, Nylon Core, Rectified Nylon Trebles|EJ30|
1121|{"event":"productDetails","ecommerce":{"currencyCode":"USD","detail":{"products":[{"name":"DAddario EJ32C Folk Nylon Guitar Strings Ball End Silver Wound/Clear Nylon Trebles","id":"EJ32C","price":"10.99","quantity":0.0,"brand":"D'Addario","category":"Guitar +","variant":"Pack Size-1"}]}}}|Silver Plated Wrap, Nylon Core, Clear Nylon Trebles ball end|EJ32C|
1122|{"event":"productDetails","ecommerce":{"currencyCode":"USD","detail":{"products":[{"name":"DAddario J3106 Rectified Classical Guitar Single String Hard Tension Sixth String","id":"J3106","price":"4.65","quantity":0.0,"brand":"D'Addario","category":"Guitar +","variant":""}]}}}|Single Silver Wound 044/J31 6th Hard Tension|J3106|
1123|{"event":"productDetails","ecommerce":{"currencyCode":"USD","detail":{"products":[{"name":"DAddario BNN-3B Pro-Arte 80/20 Bronze on Nylon Core Classical Guitar Half Set Normal Tension","id":"BNN-3B","price":"7.49","quantity":0.0,"brand":"D'Addario","category":"Guitar +","variant":""}]}}}|Normal Tension|BNN-3B|
1124|{"event":"productDetails","ecommerce":{"currencyCode":"USD","detail":{"products":[{"name":"DAddario EJ97-6 Greek Bouzouki","id":"EJ97-6","price":"6.99","quantity":0.0,"brand":"D'Addario","category":"Guitar +","variant":"Pack Size-1"}]}}}|6-String&#160;Set|EJ97-6|
1125|{"event":"productDetails","ecommerce":{"currencyCode":"USD","detail":{"products":[{"name":"DAddario J2703 Student Nylon Classical Guitar Single String Normal Tension Third String","id":"J2703","price":"1.35","quantity":0.0,"brand":"D'Addario","category":"Guitar +","variant":""}]}}}|Single Student Nylon 040/J27 3rd Normal Tension|J2703|
1126|{"event":"productDetails","ecommerce":{"currencyCode":"USD","detail":{"products":[{"name":"DAddario SNH-3B Pro-Arte Silver Plated Copper on Nylon Core Classical Guitar Half Set Hard Tension","id":"SNH-3B","price":"7.99","quantity":0.0,"brand":"D'Addario","category":"Guitar +","variant":""}]}}}|Hard Tension|SNH-3B|
1127|{"event":"productDetails","ecommerce":{"currencyCode":"USD","detail":{"products":[{"name":"DAddario LCH-3B Pro-Arte Lightly Polished Silver Plated Copper on Composite Core Classical Guitar Half Set Hard Tension","id":"LCH-3B","price":"10.99","quantity":0.0,"brand":"D'Addario","category":"Guitar +","variant":""}]}}}|Hard Tension|LCH-3B|
1128|{"event":"productDetails","ecommerce":{"currencyCode":"USD","detail":{"products":[{"name":"DAddario LCX-3B Pro-Arte Lightly Polished Silver Plated Copper on Composite Core Classical Guitar Half Set Extra Hard Tension","id":"LCX-3B","price":"10.99","quantity":0.0,"brand":"D'Addario","category":"Guitar +","variant":""}]}}}|Extra Hard Tension|LCX-3B|
1129|{"event":"productDetails","ecommerce":{"currencyCode":"USD","detail":{"products":[{"name":"DAddario SCN-3B Pro-Arte Silver Plated Copper on Composite Core Classical Guitar Half Set Normal Tension","id":"SCN-3B","price":"9.99","quantity":0.0,"brand":"D'Addario","category":"Guitar +","variant":""}]}}}|Normal Tension|SCN-3B|
1130|{"event":"productDetails","ecommerce":{"currencyCode":"USD","detail":{"products":[{"name":"DAddario TNH-3T Pro-Arte Titanium Nylon Classical Guitar Half Set Hard Tension","id":"TNH-3T","price":"5.49","quantity":0.0,"brand":"D'Addario","category":"Guitar +","variant":""}]}}}|Hard Tension|TNH-3T|
1131|{"event":"productDetails","ecommerce":{"currencyCode":"USD","detail":{"products":[{"name":"DAddario EJ27N 1/2 Student Nylon Fractional Classical Guitar Strings Normal Tension","id":"EJ27N 1/2","price":"7.49","quantity":0.0,"brand":"D'Addario","category":"Guitar +","variant":"Pack Size-1"}]}}}|Silver Plated Wrap, Nylon Core, 1/2 Clear Student Nylon Trebles|EJ27N 1/2|
1132|{"event":"productDetails","ecommerce":{"currencyCode":"USD","detail":{"products":[{"name":"DAddario TNH-3T Pro-Arte Titanium Nylon Classical Guitar Half Set Hard Tension","id":"TNH-3T","price":"5.49","quantity":0.0,"brand":"D'Addario","category":"Guitar +","variant":""}]}}}|Hard Tension|TNH-3T|
1133|{"event":"productDetails","ecommerce":{"currencyCode":"USD","detail":{"products":[{"name":"DAddario TNN-3T Pro-Arte Titanium Nylon Classical Guitar Half Set Normal Tension","id":"TNN-3T","price":"5.49","quantity":0.0,"brand":"D'Addario","category":"Guitar +","variant":""}]}}}|Normal Tension|TNN-3T|
1134|{"event":"productDetails","ecommerce":{"currencyCode":"USD","detail":{"products":[{"name":"DAddario LCH-3B Pro-Arte Lightly Polished Silver Plated Copper on Composite Core Classical Guitar Half Set Hard Tension","id":"LCH-3B","price":"10.99","quantity":0.0,"brand":"D'Addario","category":"Guitar +","variant":""}]}}}|Hard Tension|LCH-3B|
1135|{"event":"productDetails","ecommerce":{"currencyCode":"USD","detail":{"products":[{"name":"DAddario SCX-3B Pro-Arte Silver Plated Copper on Composite Core Classical Guitar Half Set Extra Hard Tension","id":"SCX-3B","price":"9.99","quantity":0.0,"brand":"D'Addario","category":"Guitar +","variant":""}]}}}|Extra Hard Tension|SCX-3B|
1136|{"event":"productDetails","ecommerce":{"currencyCode":"USD","detail":{"products":[{"name":"DAddario BNN-3B Pro-Arte 80/20 Bronze on Nylon Core Classical Guitar Half Set Normal Tension","id":"BNN-3B","price":"7.49","quantity":0.0,"brand":"D'Addario","category":"Guitar +","variant":""}]}}}|Normal Tension|BNN-3B|
1137|{"event":"productDetails","ecommerce":{"currencyCode":"USD","detail":{"products":[{"name":"DAddario SDX-3B Pro-Arte Silver Plated Copper on Composite Dynacore Classical Guitar Half Set Extra Hard Tension","id":"SDX-3B","price":"12.99","quantity":0.0,"brand":"D'Addario","category":"Guitar +","variant":"Pack Size-1"}]}}}|Extra Hard Tension|SDX-3B|
1138|{"event":"productDetails","ecommerce":{"currencyCode":"USD","detail":{"products":[{"name":"DAddario EJ31 Classics Rectified Classical Guitar Strings Hard Tension","id":"EJ31","price":"12.99","quantity":0.0,"brand":"D'Addario","category":"Guitar +","variant":"Pack Size-1"}]}}}|Silver Plated Wrap, Nylon Core, Rectified Nylon Trebles|EJ31|
1139|{"event":"productDetails","ecommerce":{"currencyCode":"USD","detail":{"products":[{"name":"DAddario BEB040 Folk Nylon Guitar Single String Black Nylon Ball End .040","id":"BEB040","price":"2.30","quantity":0.0,"brand":"D'Addario","category":"Guitar +","variant":""}]}}}|Single Classical / Folk Guitar Black Nylon 040 Ball End|BEB040|
1140|{"event":"productDetails","ecommerce":{"currencyCode":"USD","detail":{"products":[{"name":"DAddario SDH-3B Pro-Arte Silver Plated Copper on Composite Dynacore Classical Guitar Half Set Hard Tension","id":"SDH-3B","price":"12.99","quantity":0.0,"brand":"D'Addario","category":"Guitar +","variant":"Pack Size-1"}]}}}|Hard Tension|SDH-3B|
1141|{"event":"productDetails","ecommerce":{"currencyCode":"USD","detail":{"products":[{"name":"DAddario XCH-3B Pro-Arte EXP Coated Silver Plated Copper on Composite Core Classical Guitar Half Set Hard Tension","id":"XCH-3B","price":"0.00","quantity":0.0,"brand":"D'Addario","category":"Guitar +","variant":""}]}}}|Hard Tension|XCH-3B|
1142|{"event":"productDetails","ecommerce":{"currencyCode":"USD","detail":{"products":[{"name":"DAddario BNH-3T Pro-Arte Black Nylon Classical Guitar Half Set Hard Tension","id":"BNH-3T","price":"3.49","quantity":0.0,"brand":"D'Addario","category":"Guitar +","variant":""}]}}}|Hard Tension|BNH-3T|
1143|{"event":"productDetails","ecommerce":{"currencyCode":"USD","detail":{"products":[{"name":"DAddario RNN-3T Pro-Arte Rectified Clear Nylon Classical Guitar Half Set Normal Tension","id":"RNN-3T","price":"4.49","quantity":0.0,"brand":"D'Addario","category":"Guitar +","variant":""}]}}}|Normal Tension|RNN-3T|
1144|{"event":"productDetails","ecommerce":{"currencyCode":"USD","detail":{"products":[{"name":"DAddario BES045W Folk Nylon Guitar Single String Silver Wound Ball End .045","id":"BES045W","price":"4.15","quantity":0.0,"brand":"D'Addario","category":"Guitar +","variant":""}]}}}|Single Classical / Folk Guitar Silver Wound 045 Ball End|BES045W|
1145|{"event":"productDetails","ecommerce":{"currencyCode":"USD","detail":{"products":[{"name":"DAddario J27H04 Student Nylon Classical Guitar Single String Hard Tension Fourth String","id":"J27H04","price":"2.60","quantity":0.0,"brand":"D'Addario","category":"Guitar +","variant":""}]}}}|Single Silver Wound 030/J27 4th Hard Tension|J27H04|
1146|{"event":"productDetails","ecommerce":{"currencyCode":"USD","detail":{"products":[{"name":"DAddario SNL-3B Pro-Arte Silver Plated Copper on Nylon Core Classical Guitar Half Set Light Tension","id":"SNL-3B","price":"7.99","quantity":0.0,"brand":"D'Addario","category":"Guitar +","variant":""}]}}}|Light Tension|SNL-3B|
1147|{"event":"productDetails","ecommerce":{"currencyCode":"USD","detail":{"products":[{"name":"DAddario TNX-3T Pro-Arte Titanium Nylon Classical Guitar Half Set Extra Hard Tension","id":"TNX-3T","price":"5.49","quantity":0.0,"brand":"D'Addario","category":"Guitar +","variant":""}]}}}|Extra Hard Tension|TNX-3T|
1148|{"event":"productDetails","ecommerce":{"currencyCode":"USD","detail":{"products":[{"name":"DAddario BEB031W Folk Nylon Guitar Single String Bronze Wound Ball End .031","id":"BEB031W","price":"3.35","quantity":0.0,"brand":"D'Addario","category":"Guitar +","variant":""}]}}}|Single Classical / Folk Guitar 80/20 Bronze 031 Ball End|BEB031W|
1149|{"event":"productDetails","ecommerce":{"currencyCode":"USD","detail":{"products":[{"name":"DAddario SDX-3B Pro-Arte Silver Plated Copper on Composite Dynacore Classical Guitar Half Set Extra Hard Tension","id":"SDX-3B","price":"12.99","quantity":0.0,"brand":"D'Addario","category":"Guitar +","variant":"Pack Size-1"}]}}}|Extra Hard Tension|SDX-3B|
1150|{"event":"productDetails","ecommerce":{"currencyCode":"USD","detail":{"products":[{"name":"DAddario HGN-3T Pro-Arte Hybrid Carbon G Classical Guitar Half Set Normal Tension","id":"HGN-3T","price":"4.99","quantity":0.0,"brand":"D'Addario","category":"Guitar +","variant":""}]}}}|Normal Tension|HGN-3T|
1151|{"event":"productDetails","ecommerce":{"currencyCode":"USD","detail":{"products":[{"name":"DAddario HGH-3T Pro-Arte Hybrid Carbon G Classical Guitar Half Set Hard Tension","id":"HGH-3T","price":"4.99","quantity":0.0,"brand":"D'Addario","category":"Guitar +","variant":""}]}}}|Hard Tension|HGH-3T|
1152|{"event":"productDetails","ecommerce":{"currencyCode":"USD","detail":{"products":[{"name":"DAddario J3004 Rectified Classical Guitar Single String Normal Tension Fourth String","id":"J3004","price":"3.55","quantity":0.0,"brand":"D'Addario","category":"Guitar +","variant":""}]}}}|Single Silver Wound 029/J30 4th Normal Tension|J3004|
1153|{"event":"productDetails","ecommerce":{"currencyCode":"USD","detail":{"products":[{"name":"DAddario EJ31 Classics Rectified Classical Guitar Strings Hard Tension","id":"EJ31","price":"12.99","quantity":0.0,"brand":"D'Addario","category":"Guitar +","variant":"Pack Size-1"}]}}}|Silver Plated Wrap, Nylon Core, Rectified Nylon Trebles|EJ31|
1154|{"event":"productDetails","ecommerce":{"currencyCode":"USD","detail":{"products":[{"name":"DAddario J2701 Student Nylon Classical Guitar Single String Normal Tension First String","id":"J2701","price":"1.10","quantity":0.0,"brand":"D'Addario","category":"Guitar +","variant":""}]}}}|Single Student Nylon 028/J27 1st Normal Tension|J2701|
1155|{"event":"productDetails","ecommerce":{"currencyCode":"USD","detail":{"products":[{"name":"DAddario TNH-3T Pro-Arte Titanium Nylon Classical Guitar Half Set Hard Tension","id":"TNH-3T","price":"5.49","quantity":0.0,"brand":"D'Addario","category":"Guitar +","variant":""}]}}}|Hard Tension|TNH-3T|
1156|{"event":"productDetails","ecommerce":{"currencyCode":"USD","detail":{"products":[{"name":"DAddario J2703 Student Nylon Classical Guitar Single String Normal Tension Third String","id":"J2703","price":"1.35","quantity":0.0,"brand":"D'Addario","category":"Guitar +","variant":""}]}}}|Single Student Nylon 040/J27 3rd Normal Tension|J2703|
1157|{"event":"productDetails","ecommerce":{"currencyCode":"USD","detail":{"products":[{"name":"DAddario BEB032 Folk Nylon Guitar Single String Black Nylon Ball End .032","id":"BEB032","price":"2.15","quantity":0.0,"brand":"D'Addario","category":"Guitar +","variant":""}]}}}|Single Classical / Folk Guitar Black Nylon 032 Ball End|BEB032|
1158|{"event":"productDetails","ecommerce":{"currencyCode":"USD","detail":{"products":[{"name":"DAddario SCX-3B Pro-Arte Silver Plated Copper on Composite Core Classical Guitar Half Set Extra Hard Tension","id":"SCX-3B","price":"9.99","quantity":0.0,"brand":"D'Addario","category":"Guitar +","variant":""}]}}}|Extra Hard Tension|SCX-3B|
1159|{"event":"productDetails","ecommerce":{"currencyCode":"USD","detail":{"products":[{"name":"DAddario EJ82B Viola Brasileira Set Rio Abaixo and Meia Guitarra","id":"EJ82B","price":"6.49","quantity":0.0,"brand":"D'Addario","category":"Guitar +","variant":"Pack Size-1"}]}}}|Rio Abaixo and Meia Guitarra Tunings|EJ82B|
1160|{"event":"productDetails","ecommerce":{"currencyCode":"USD","detail":{"products":[{"name":"DAddario EJ32 Folk Nylon Guitar Strings Ball End Silver Wound/Black Nylon Trebles","id":"EJ32","price":"10.99","quantity":0.0,"brand":"D'Addario","category":"Guitar +","variant":"Pack Size-1"}]}}}|Silver Plated Wrap, Nylon Core, Black Nylon Trebles ball end|EJ32|
1161|{"event":"productDetails","ecommerce":{"currencyCode":"USD","detail":{"products":[{"name":"DAddario RNN-3T Pro-Arte Rectified Clear Nylon Classical Guitar Half Set Normal Tension","id":"RNN-3T","price":"4.49","quantity":0.0,"brand":"D'Addario","category":"Guitar +","variant":""}]}}}|Normal Tension|RNN-3T|
